[{"model": "admin.logentry", "pk": 1, "fields": {"action_time": "2021-10-17T17:55:40.071Z", "user": 1, "content_type": 9, "object_id": "1", "object_repr": "DIRECT", "action_flag": 1, "change_message": "[{\"added\": {}}]"}}, {"model": "admin.logentry", "pk": 2, "fields": {"action_time": "2021-10-18T15:40:56.877Z", "user": 1, "content_type": 3, "object_id": "1", "object_repr": "Address perms", "action_flag": 3, "change_message": ""}}, {"model": "admin.logentry", "pk": 3, "fields": {"action_time": "2021-10-19T11:27:38.815Z", "user": 1, "content_type": 6, "object_id": "2", "object_repr": "Wisdom Paul", "action_flag": 3, "change_message": ""}}, {"model": "admin.logentry", "pk": 4, "fields": {"action_time": "2021-10-19T11:39:28.245Z", "user": 1, "content_type": 6, "object_id": "2", "object_repr": "Wisdom Paul", "action_flag": 3, "change_message": ""}}, {"model": "admin.logentry", "pk": 5, "fields": {"action_time": "2021-10-22T05:45:22.762Z", "user": 1, "content_type": 14, "object_id": "1", "object_repr": "Midwife", "action_flag": 2, "change_message": "[{\"changed\": {\"fields\": [\"Icon\", \"Picture\"]}}]"}}, {"model": "auth.permission", "pk": 1, "fields": {"name": "Can add log entry", "content_type": 1, "codename": "add_logentry"}}, {"model": "auth.permission", "pk": 2, "fields": {"name": "Can change log entry", "content_type": 1, "codename": "change_logentry"}}, {"model": "auth.permission", "pk": 3, "fields": {"name": "Can delete log entry", "content_type": 1, "codename": "delete_logentry"}}, {"model": "auth.permission", "pk": 4, "fields": {"name": "Can view log entry", "content_type": 1, "codename": "view_logentry"}}, {"model": "auth.permission", "pk": 5, "fields": {"name": "Can add permission", "content_type": 2, "codename": "add_permission"}}, {"model": "auth.permission", "pk": 6, "fields": {"name": "Can change permission", "content_type": 2, "codename": "change_permission"}}, {"model": "auth.permission", "pk": 7, "fields": {"name": "Can delete permission", "content_type": 2, "codename": "delete_permission"}}, {"model": "auth.permission", "pk": 8, "fields": {"name": "Can view permission", "content_type": 2, "codename": "view_permission"}}, {"model": "auth.permission", "pk": 9, "fields": {"name": "Can add group", "content_type": 3, "codename": "add_group"}}, {"model": "auth.permission", "pk": 10, "fields": {"name": "Can change group", "content_type": 3, "codename": "change_group"}}, {"model": "auth.permission", "pk": 11, "fields": {"name": "Can delete group", "content_type": 3, "codename": "delete_group"}}, {"model": "auth.permission", "pk": 12, "fields": {"name": "Can view group", "content_type": 3, "codename": "view_group"}}, {"model": "auth.permission", "pk": 13, "fields": {"name": "Can add content type", "content_type": 4, "codename": "add_contenttype"}}, {"model": "auth.permission", "pk": 14, "fields": {"name": "Can change content type", "content_type": 4, "codename": "change_contenttype"}}, {"model": "auth.permission", "pk": 15, "fields": {"name": "Can delete content type", "content_type": 4, "codename": "delete_contenttype"}}, {"model": "auth.permission", "pk": 16, "fields": {"name": "Can view content type", "content_type": 4, "codename": "view_contenttype"}}, {"model": "auth.permission", "pk": 17, "fields": {"name": "Can add session", "content_type": 5, "codename": "add_session"}}, {"model": "auth.permission", "pk": 18, "fields": {"name": "Can change session", "content_type": 5, "codename": "change_session"}}, {"model": "auth.permission", "pk": 19, "fields": {"name": "Can delete session", "content_type": 5, "codename": "delete_session"}}, {"model": "auth.permission", "pk": 20, "fields": {"name": "Can view session", "content_type": 5, "codename": "view_session"}}, {"model": "auth.permission", "pk": 21, "fields": {"name": "Can add User", "content_type": 6, "codename": "add_user"}}, {"model": "auth.permission", "pk": 22, "fields": {"name": "Can change User", "content_type": 6, "codename": "change_user"}}, {"model": "auth.permission", "pk": 23, "fields": {"name": "Can delete User", "content_type": 6, "codename": "delete_user"}}, {"model": "auth.permission", "pk": 24, "fields": {"name": "Can view User", "content_type": 6, "codename": "view_user"}}, {"model": "auth.permission", "pk": 25, "fields": {"name": "Can add address", "content_type": 7, "codename": "add_address"}}, {"model": "auth.permission", "pk": 26, "fields": {"name": "Can change address", "content_type": 7, "codename": "change_address"}}, {"model": "auth.permission", "pk": 27, "fields": {"name": "Can delete address", "content_type": 7, "codename": "delete_address"}}, {"model": "auth.permission", "pk": 28, "fields": {"name": "Can view address", "content_type": 7, "codename": "view_address"}}, {"model": "auth.permission", "pk": 29, "fields": {"name": "Can add sales of admission forms", "content_type": 8, "codename": "add_salesofadmissionforms"}}, {"model": "auth.permission", "pk": 30, "fields": {"name": "Can change sales of admission forms", "content_type": 8, "codename": "change_salesofadmissionforms"}}, {"model": "auth.permission", "pk": 31, "fields": {"name": "Can delete sales of admission forms", "content_type": 8, "codename": "delete_salesofadmissionforms"}}, {"model": "auth.permission", "pk": 32, "fields": {"name": "Can view sales of admission forms", "content_type": 8, "codename": "view_salesofadmissionforms"}}, {"model": "auth.permission", "pk": 33, "fields": {"name": "Can add form type choices model", "content_type": 9, "codename": "add_formtypechoicesmodel"}}, {"model": "auth.permission", "pk": 34, "fields": {"name": "Can change form type choices model", "content_type": 9, "codename": "change_formtypechoicesmodel"}}, {"model": "auth.permission", "pk": 35, "fields": {"name": "Can delete form type choices model", "content_type": 9, "codename": "delete_formtypechoicesmodel"}}, {"model": "auth.permission", "pk": 36, "fields": {"name": "Can view form type choices model", "content_type": 9, "codename": "view_formtypechoicesmodel"}}, {"model": "auth.permission", "pk": 37, "fields": {"name": "Can add student forms", "content_type": 10, "codename": "add_studentforms"}}, {"model": "auth.permission", "pk": 38, "fields": {"name": "Can change student forms", "content_type": 10, "codename": "change_studentforms"}}, {"model": "auth.permission", "pk": 39, "fields": {"name": "Can delete student forms", "content_type": 10, "codename": "delete_studentforms"}}, {"model": "auth.permission", "pk": 40, "fields": {"name": "Can view student forms", "content_type": 10, "codename": "view_studentforms"}}, {"model": "auth.permission", "pk": 41, "fields": {"name": "Can add student", "content_type": 11, "codename": "add_student"}}, {"model": "auth.permission", "pk": 42, "fields": {"name": "Can change student", "content_type": 11, "codename": "change_student"}}, {"model": "auth.permission", "pk": 43, "fields": {"name": "Can delete student", "content_type": 11, "codename": "delete_student"}}, {"model": "auth.permission", "pk": 44, "fields": {"name": "Can view student", "content_type": 11, "codename": "view_student"}}, {"model": "auth.permission", "pk": 45, "fields": {"name": "Can add employment history model", "content_type": 12, "codename": "add_employmenthistorymodel"}}, {"model": "auth.permission", "pk": 46, "fields": {"name": "Can change employment history model", "content_type": 12, "codename": "change_employmenthistorymodel"}}, {"model": "auth.permission", "pk": 47, "fields": {"name": "Can delete employment history model", "content_type": 12, "codename": "delete_employmenthistorymodel"}}, {"model": "auth.permission", "pk": 48, "fields": {"name": "Can view employment history model", "content_type": 12, "codename": "view_employmenthistorymodel"}}, {"model": "auth.permission", "pk": 49, "fields": {"name": "Can add Student Sponsor", "content_type": 13, "codename": "add_studentsponsor"}}, {"model": "auth.permission", "pk": 50, "fields": {"name": "Can change Student Sponsor", "content_type": 13, "codename": "change_studentsponsor"}}, {"model": "auth.permission", "pk": 51, "fields": {"name": "Can delete Student Sponsor", "content_type": 13, "codename": "delete_studentsponsor"}}, {"model": "auth.permission", "pk": 52, "fields": {"name": "Can view Student Sponsor", "content_type": 13, "codename": "view_studentsponsor"}}, {"model": "auth.permission", "pk": 53, "fields": {"name": "Can add Faculty", "content_type": 14, "codename": "add_faculty"}}, {"model": "auth.permission", "pk": 54, "fields": {"name": "Can change Faculty", "content_type": 14, "codename": "change_faculty"}}, {"model": "auth.permission", "pk": 55, "fields": {"name": "Can delete Faculty", "content_type": 14, "codename": "delete_faculty"}}, {"model": "auth.permission", "pk": 56, "fields": {"name": "Can view Faculty", "content_type": 14, "codename": "view_faculty"}}, {"model": "auth.permission", "pk": 57, "fields": {"name": "Can add department", "content_type": 15, "codename": "add_department"}}, {"model": "auth.permission", "pk": 58, "fields": {"name": "Can change department", "content_type": 15, "codename": "change_department"}}, {"model": "auth.permission", "pk": 59, "fields": {"name": "Can delete department", "content_type": 15, "codename": "delete_department"}}, {"model": "auth.permission", "pk": 60, "fields": {"name": "Can view department", "content_type": 15, "codename": "view_department"}}, {"model": "auth.permission", "pk": 61, "fields": {"name": "Can add programme", "content_type": 16, "codename": "add_programme"}}, {"model": "auth.permission", "pk": 62, "fields": {"name": "Can change programme", "content_type": 16, "codename": "change_programme"}}, {"model": "auth.permission", "pk": 63, "fields": {"name": "Can delete programme", "content_type": 16, "codename": "delete_programme"}}, {"model": "auth.permission", "pk": 64, "fields": {"name": "Can view programme", "content_type": 16, "codename": "view_programme"}}, {"model": "auth.permission", "pk": 65, "fields": {"name": "Can add student programme choice", "content_type": 17, "codename": "add_studentprogrammechoice"}}, {"model": "auth.permission", "pk": 66, "fields": {"name": "Can change student programme choice", "content_type": 17, "codename": "change_studentprogrammechoice"}}, {"model": "auth.permission", "pk": 67, "fields": {"name": "Can delete student programme choice", "content_type": 17, "codename": "delete_studentprogrammechoice"}}, {"model": "auth.permission", "pk": 68, "fields": {"name": "Can view student programme choice", "content_type": 17, "codename": "view_studentprogrammechoice"}}, {"model": "auth.permission", "pk": 69, "fields": {"name": "Can add admission certificate", "content_type": 18, "codename": "add_admissioncertificate"}}, {"model": "auth.permission", "pk": 70, "fields": {"name": "Can change admission certificate", "content_type": 18, "codename": "change_admissioncertificate"}}, {"model": "auth.permission", "pk": 71, "fields": {"name": "Can delete admission certificate", "content_type": 18, "codename": "delete_admissioncertificate"}}, {"model": "auth.permission", "pk": 72, "fields": {"name": "Can view admission certificate", "content_type": 18, "codename": "view_admissioncertificate"}}, {"model": "auth.permission", "pk": 73, "fields": {"name": "Can add cert exam record", "content_type": 19, "codename": "add_certexamrecord"}}, {"model": "auth.permission", "pk": 74, "fields": {"name": "Can change cert exam record", "content_type": 19, "codename": "change_certexamrecord"}}, {"model": "auth.permission", "pk": 75, "fields": {"name": "Can delete cert exam record", "content_type": 19, "codename": "delete_certexamrecord"}}, {"model": "auth.permission", "pk": 76, "fields": {"name": "Can view cert exam record", "content_type": 19, "codename": "view_certexamrecord"}}, {"model": "auth.permission", "pk": 77, "fields": {"name": "Can add student previous education", "content_type": 20, "codename": "add_studentpreviouseducation"}}, {"model": "auth.permission", "pk": 78, "fields": {"name": "Can change student previous education", "content_type": 20, "codename": "change_studentpreviouseducation"}}, {"model": "auth.permission", "pk": 79, "fields": {"name": "Can delete student previous education", "content_type": 20, "codename": "delete_studentpreviouseducation"}}, {"model": "auth.permission", "pk": 80, "fields": {"name": "Can view student previous education", "content_type": 20, "codename": "view_studentpreviouseducation"}}, {"model": "auth.permission", "pk": 81, "fields": {"name": "can audit student admission form", "content_type": 10, "codename": "can_audit_admission_form"}}, {"model": "auth.permission", "pk": 82, "fields": {"name": "view student admission form detail", "content_type": 10, "codename": "view_studentform_detail"}}, {"model": "auth.group", "pk": 2, "fields": {"name": "student admission", "permissions": [25, 26, 45, 46, 64, 49, 50, 73, 74, 44, 77, 78]}}, {"model": "contenttypes.contenttype", "pk": 1, "fields": {"app_label": "admin", "model": "logentry"}}, {"model": "contenttypes.contenttype", "pk": 2, "fields": {"app_label": "auth", "model": "permission"}}, {"model": "contenttypes.contenttype", "pk": 3, "fields": {"app_label": "auth", "model": "group"}}, {"model": "contenttypes.contenttype", "pk": 4, "fields": {"app_label": "contenttypes", "model": "contenttype"}}, {"model": "contenttypes.contenttype", "pk": 5, "fields": {"app_label": "sessions", "model": "session"}}, {"model": "contenttypes.contenttype", "pk": 6, "fields": {"app_label": "accounts", "model": "user"}}, {"model": "contenttypes.contenttype", "pk": 7, "fields": {"app_label": "address", "model": "address"}}, {"model": "contenttypes.contenttype", "pk": 8, "fields": {"app_label": "admission", "model": "salesofadmissionforms"}}, {"model": "contenttypes.contenttype", "pk": 9, "fields": {"app_label": "admission", "model": "formtypechoicesmodel"}}, {"model": "contenttypes.contenttype", "pk": 10, "fields": {"app_label": "admission", "model": "studentforms"}}, {"model": "contenttypes.contenttype", "pk": 11, "fields": {"app_label": "student", "model": "student"}}, {"model": "contenttypes.contenttype", "pk": 12, "fields": {"app_label": "empoymentHistory", "model": "employmenthistorymodel"}}, {"model": "contenttypes.contenttype", "pk": 13, "fields": {"app_label": "sponsor", "model": "studentsponsor"}}, {"model": "contenttypes.contenttype", "pk": 14, "fields": {"app_label": "faculty", "model": "faculty"}}, {"model": "contenttypes.contenttype", "pk": 15, "fields": {"app_label": "department", "model": "department"}}, {"model": "contenttypes.contenttype", "pk": 16, "fields": {"app_label": "programme", "model": "programme"}}, {"model": "contenttypes.contenttype", "pk": 17, "fields": {"app_label": "student", "model": "studentprogrammechoice"}}, {"model": "contenttypes.contenttype", "pk": 18, "fields": {"app_label": "student", "model": "admissioncertificate"}}, {"model": "contenttypes.contenttype", "pk": 19, "fields": {"app_label": "student", "model": "certexamrecord"}}, {"model": "contenttypes.contenttype", "pk": 20, "fields": {"app_label": "student", "model": "studentpreviouseducation"}}, {"model": "sessions.session", "pk": "0hq8fc8y7lsz4bbrgzfu68ukppgxcwd5", "fields": {"session_data": ".eJxVjEEOwiAQRe_C2hCgUMCle89AZoZBqoYmpV0Z765NutDtf-_9l0iwrTVtnZc0ZXEWWpx-NwR6cNtBvkO7zZLmti4Tyl2RB-3yOmd-Xg7376BCr9-aYiRiUwwU9DBCyRBQGwIXNBdkUE55ywN6hcQcC8CobbADKc0uknh_AC6vOXE:1moi6g:5ZqQOR_93xohymWTrnQNXR1J591wpJptZ6FA4bEFD0o", "expire_date": "2021-12-05T08:21:50.214Z"}}, {"model": "sessions.session", "pk": "3quwbl3plzw3dhu837awj5d1qnqr5cn3", "fields": {"session_data": ".eJxVjEEOwiAQRe_C2hCgUMCle89AZoZBqoYmpV0Z765NutDtf-_9l0iwrTVtnZc0ZXEWWpx-NwR6cNtBvkO7zZLmti4Tyl2RB-3yOmd-Xg7376BCr9-aYiRiUwwU9DBCyRBQGwIXNBdkUE55ywN6hcQcC8CobbADKc0uknh_AC6vOXE:1mgP8D:Ejm4tK7oBds9viDx2ycvheJ8aFjfW0o1KSdQEpeNRgc", "expire_date": "2021-11-12T10:29:05.180Z"}}, {"model": "sessions.session", "pk": "42b5zefp9qubfjxvlywc3nb2xulr49ic", "fields": {"session_data": ".eJxVjEEOwiAQRe_C2hCgUMCle89AZoZBqoYmpV0Z765NutDtf-_9l0iwrTVtnZc0ZXEWWpx-NwR6cNtBvkO7zZLmti4Tyl2RB-3yOmd-Xg7376BCr9-aYiRiUwwU9DBCyRBQGwIXNBdkUE55ywN6hcQcC8CobbADKc0uknh_AC6vOXE:1mjGvo:_1XJ44X8Y0pcEPAZdyVY6P-CrDvWwjZi6R7UG4_DBLw", "expire_date": "2021-11-20T08:20:08.438Z"}}, {"model": "sessions.session", "pk": "46xkudh7iid4p6x3150esoil50egbycm", "fields": {"session_data": ".eJxVjEEOwiAQRe_C2hCgUMCle89AZoZBqoYmpV0Z765NutDtf-_9l0iwrTVtnZc0ZXEWWpx-NwR6cNtBvkO7zZLmti4Tyl2RB-3yOmd-Xg7376BCr9-aYiRiUwwU9DBCyRBQGwIXNBdkUE55ywN6hcQcC8CobbADKc0uknh_AC6vOXE:1mfgjj:GU-Ek0mbzg3Hl4_xvyjqhka4RCHo2uh2yr8ghBG9cBI", "expire_date": "2021-11-10T11:04:51.915Z"}}, {"model": "sessions.session", "pk": "4c5vhk7hakw5eaxid78zhfjq9yzidd5t", "fields": {"session_data": ".eJxVjEEOwiAQRe_C2hCgUMCle89AZoZBqoYmpV0Z765NutDtf-_9l0iwrTVtnZc0ZXEWWpx-NwR6cNtBvkO7zZLmti4Tyl2RB-3yOmd-Xg7376BCr9-aYiRiUwwU9DBCyRBQGwIXNBdkUE55ywN6hcQcC8CobbADKc0uknh_AC6vOXE:1mnn1O:zQen9ejdh1uuj4IOQrxvsMmzcpor4fpUBSTkGMVLpvM", "expire_date": "2021-12-02T19:24:34.955Z"}}, {"model": "sessions.session", "pk": "51pwrk0pqxnrzg4bgr5fvdliokp6f4ze", "fields": {"session_data": ".eJxVjEEOwiAQRe_C2hCgUMCle89AZoZBqoYmpV0Z765NutDtf-_9l0iwrTVtnZc0ZXEWWpx-NwR6cNtBvkO7zZLmti4Tyl2RB-3yOmd-Xg7376BCr9-aYiRiUwwU9DBCyRBQGwIXNBdkUE55ywN6hcQcC8CobbADKc0uknh_AC6vOXE:1mcAJe:hlokZ4IAkPxU8Y4Ggs0kQxCs-wLXZ_uafHhbwEy5_yE", "expire_date": "2021-10-31T17:51:22.066Z"}}, {"model": "sessions.session", "pk": "60rbi8hbbwdej8cs1m6r9duwe1zswazz", "fields": {"session_data": ".eJxVjEEOwiAQRe_C2hCgUMCle89AZoZBqoYmpV0Z765NutDtf-_9l0iwrTVtnZc0ZXEWWpx-NwR6cNtBvkO7zZLmti4Tyl2RB-3yOmd-Xg7376BCr9-aYiRiUwwU9DBCyRBQGwIXNBdkUE55ywN6hcQcC8CobbADKc0uknh_AC6vOXE:1miiBX:IdtzANseJY-YOszn7Ny3O8jURL_tWPMcbc97M7BUbYQ", "expire_date": "2021-11-18T19:14:03.400Z"}}, {"model": "sessions.session", "pk": "63pxt52q36bgvqekbmt3qj3bdy6nl6bf", "fields": {"session_data": ".eJxVjEEOwiAQRe_C2hCgUMCle89AZoZBqoYmpV0Z765NutDtf-_9l0iwrTVtnZc0ZXEWWpx-NwR6cNtBvkO7zZLmti4Tyl2RB-3yOmd-Xg7376BCr9-aYiRiUwwU9DBCyRBQGwIXNBdkUE55ywN6hcQcC8CobbADKc0uknh_AC6vOXE:1mfxed:RwUP4te5GHrg3Nx-_r7pGyNMw--3HHJTwRfg9Rexyeg", "expire_date": "2021-11-11T05:08:43.234Z"}}, {"model": "sessions.session", "pk": "6u7b4rzqi7x99vxf5x6fosmd2qrbkids", "fields": {"session_data": ".eJxVjEEOwiAQRe_C2hCgUMCle89AZoZBqoYmpV0Z765NutDtf-_9l0iwrTVtnZc0ZXEWWpx-NwR6cNtBvkO7zZLmti4Tyl2RB-3yOmd-Xg7376BCr9-aYiRiUwwU9DBCyRBQGwIXNBdkUE55ywN6hcQcC8CobbADKc0uknh_AC6vOXE:1mcnIC:sxD0IZqeUnja1tJIRnRi3AM9wSEYSBxN_Ix_yeBOqbk", "expire_date": "2021-11-02T11:28:28.072Z"}}, {"model": "sessions.session", "pk": "8zr553wy5mizkwbxqiiv8lh4h7dk5tf2", "fields": {"session_data": ".eJxVjDsOwjAQBe_iGlnyL96lpOcM1nq9wQHkSHFSIe4OkVJA-2bmvVSiba1p67Kkqaizcur0u2Xih7QdlDu126x5busyZb0r-qBdX-ciz8vh_h1U6vVbj5mDOBRCA8aDIBoMRqJ4sMBiDRUIJSL6IZK1LBKcILkBIbP1o3p_AONJN9I:1mdHtS:gZJkIs3dptVv2zl7DfTiykwtAlREjVrOYO4jwoiZr_o", "expire_date": "2021-11-03T20:08:58.525Z"}}, {"model": "sessions.session", "pk": "9tb21y4bfpow3lqvaenrre1ni3stfbtk", "fields": {"session_data": ".eJxVjDsOwjAQBe_iGlnyL96lpOcM1nq9wQHkSHFSIe4OkVJA-2bmvVSiba1p67Kkqaizcur0u2Xih7QdlDu126x5busyZb0r-qBdX-ciz8vh_h1U6vVbj5mDOBRCA8aDIBoMRqJ4sMBiDRUIJSL6IZK1LBKcILkBIbP1o3p_AONJN9I:1miDKk:TTzpjFK69BYpv--uMHZxbhsQR8zvg5CV5Jyzo-S7ges", "expire_date": "2021-11-17T10:17:30.567Z"}}, {"model": "sessions.session", "pk": "a0c2ku0bmporcmsyfv0i81fmyht6vskn", "fields": {"session_data": ".eJxVjEEOwiAQRe_C2hCgUMCle89AZoZBqoYmpV0Z765NutDtf-_9l0iwrTVtnZc0ZXEWWpx-NwR6cNtBvkO7zZLmti4Tyl2RB-3yOmd-Xg7376BCr9-aYiRiUwwU9DBCyRBQGwIXNBdkUE55ywN6hcQcC8CobbADKc0uknh_AC6vOXE:1mdveQ:qHVx0k1V6ePazq-BR_xldXUt3AZhmnMfsSrMFAVy5n0", "expire_date": "2021-11-05T14:36:06.671Z"}}, {"model": "sessions.session", "pk": "ahr0k7y2jbuu51ipjlisy7fspcrjuegd", "fields": {"session_data": ".eJxVjEEOwiAQRe_C2hCgUMCle89AZoZBqoYmpV0Z765NutDtf-_9l0iwrTVtnZc0ZXEWWpx-NwR6cNtBvkO7zZLmti4Tyl2RB-3yOmd-Xg7376BCr9-aYiRiUwwU9DBCyRBQGwIXNBdkUE55ywN6hcQcC8CobbADKc0uknh_AC6vOXE:1mk7a6:h9hndYZ_foon_tNL416JOitwSTBZak-vBH5cV-6yhsE", "expire_date": "2021-11-22T16:33:14.606Z"}}, {"model": "sessions.session", "pk": "altantpxr1bsnvcknnst9no6bpv422qu", "fields": {"session_data": ".eJxVjEEOwiAQRe_C2hCgUMCle89AZoZBqoYmpV0Z765NutDtf-_9l0iwrTVtnZc0ZXEWWpx-NwR6cNtBvkO7zZLmti4Tyl2RB-3yOmd-Xg7376BCr9-aYiRiUwwU9DBCyRBQGwIXNBdkUE55ywN6hcQcC8CobbADKc0uknh_AC6vOXE:1mcNAN:IhhnMvf1tqnJ7kI2rBTavMXAVN1zmbK7qDzj4bdPJAc", "expire_date": "2021-11-01T07:34:39.423Z"}}, {"model": "sessions.session", "pk": "becntugou2lt233e365b95ixlkmfimmd", "fields": {"session_data": ".eJxVjDsOwjAQBe_iGlnyL96lpOcM1nq9wQHkSHFSIe4OkVJA-2bmvVSiba1p67Kkqaizcur0u2Xih7QdlDu126x5busyZb0r-qBdX-ciz8vh_h1U6vVbj5mDOBRCA8aDIBoMRqJ4sMBiDRUIJSL6IZK1LBKcILkBIbP1o3p_AONJN9I:1md5NF:5Lm6Gmt0TajFq3lya1rgF2yOFc1lPe7XE7RxVA8211g", "expire_date": "2021-11-03T06:46:53.243Z"}}, {"model": "sessions.session", "pk": "cpfm8750tgp1jb1yj0fhi0kagklk9ix9", "fields": {"session_data": ".eJxVjEEOwiAQRe_C2hCgUMCle89AZoZBqoYmpV0Z765NutDtf-_9l0iwrTVtnZc0ZXEWWpx-NwR6cNtBvkO7zZLmti4Tyl2RB-3yOmd-Xg7376BCr9-aYiRiUwwU9DBCyRBQGwIXNBdkUE55ywN6hcQcC8CobbADKc0uknh_AC6vOXE:1ma4in:eth7pyzorz9Aail-ARvgF1ZNAujg5lzUT07_bsDdrEQ", "expire_date": "2021-10-25T23:28:41.989Z"}}, {"model": "sessions.session", "pk": "e8tasfjgcblrxoeouyijvuppav7joz1h", "fields": {"session_data": ".eJxVjEEOwiAQRe_C2hCgUMCle89AZoZBqoYmpV0Z765NutDtf-_9l0iwrTVtnZc0ZXEWWpx-NwR6cNtBvkO7zZLmti4Tyl2RB-3yOmd-Xg7376BCr9-aYiRiUwwU9DBCyRBQGwIXNBdkUE55ywN6hcQcC8CobbADKc0uknh_AC6vOXE:1mfgPn:b2jadAeTqF_aAbk44JxC2AlwQwpLLOnnJ7mSFX1CA5U", "expire_date": "2021-11-10T10:44:15.666Z"}}, {"model": "sessions.session", "pk": "fgb44r8a73ex2b8fjxnwzewp2svu59vy", "fields": {"session_data": ".eJxVjDsOwjAQBe_iGlnyL96lpOcM1nq9wQHkSHFSIe4OkVJA-2bmvVSiba1p67Kkqaizcur0u2Xih7QdlDu126x5busyZb0r-qBdX-ciz8vh_h1U6vVbj5mDOBRCA8aDIBoMRqJ4sMBiDRUIJSL6IZK1LBKcILkBIbP1o3p_AONJN9I:1mjIhb:gK-E-Il9uXqRT6zKn9poqUCC03yFfJXAWKWQplHEaZo", "expire_date": "2021-11-20T10:13:35.691Z"}}, {"model": "sessions.session", "pk": "gjx7dyfgxplg6mo92b41du0zjofofh70", "fields": {"session_data": ".eJxVjEEOwiAQRe_C2hCgUMCle89AZoZBqoYmpV0Z765NutDtf-_9l0iwrTVtnZc0ZXEWWpx-NwR6cNtBvkO7zZLmti4Tyl2RB-3yOmd-Xg7376BCr9-aYiRiUwwU9DBCyRBQGwIXNBdkUE55ywN6hcQcC8CobbADKc0uknh_AC6vOXE:1mnM7K:hv37Py6IK1ARdb9g7y4BpCaqJSUQithFlvLmAfrr_HY", "expire_date": "2021-12-01T14:40:54.166Z"}}, {"model": "sessions.session", "pk": "h0bux9a4ok69ovztaloldmv7crythhw4", "fields": {"session_data": ".eJxVjEEOwiAQRe_C2hCgUMCle89AZoZBqoYmpV0Z765NutDtf-_9l0iwrTVtnZc0ZXEWWpx-NwR6cNtBvkO7zZLmti4Tyl2RB-3yOmd-Xg7376BCr9-aYiRiUwwU9DBCyRBQGwIXNBdkUE55ywN6hcQcC8CobbADKc0uknh_AC6vOXE:1miG7i:m1Jqzg09nKLxZJzDrXMLNdSKGxbDLrnxstE-6V10QJE", "expire_date": "2021-11-17T13:16:14.763Z"}}, {"model": "sessions.session", "pk": "hggc0udphmmsn0egm0ezdehpay3vpjcl", "fields": {"session_data": ".eJxVjDsOwjAQBe_iGlnyL96lpOcM1nq9wQHkSHFSIe4OkVJA-2bmvVSiba1p67Kkqaizcur0u2Xih7QdlDu126x5busyZb0r-qBdX-ciz8vh_h1U6vVbj5mDOBRCA8aDIBoMRqJ4sMBiDRUIJSL6IZK1LBKcILkBIbP1o3p_AONJN9I:1mcnT4:i1lMRJo0kzvKrgyoR8bB6Wzji-oxvOq0q595z57HGLs", "expire_date": "2021-11-02T11:39:42.019Z"}}, {"model": "sessions.session", "pk": "hu0sm27zt0weh1el3ue9r5e7w37ax986", "fields": {"session_data": ".eJxVjEEOwiAQRe_C2hCgUMCle89AZoZBqoYmpV0Z765NutDtf-_9l0iwrTVtnZc0ZXEWWpx-NwR6cNtBvkO7zZLmti4Tyl2RB-3yOmd-Xg7376BCr9-aYiRiUwwU9DBCyRBQGwIXNBdkUE55ywN6hcQcC8CobbADKc0uknh_AC6vOXE:1meKVd:ElMkku0be5ObawPgpxFtjvjA2mup7jWckdgCd15-b9A", "expire_date": "2021-11-06T17:08:41.005Z"}}, {"model": "sessions.session", "pk": "i6qxi8y35wdg1znv2q3vakp89k2hz3va", "fields": {"session_data": ".eJxVjEEOwiAQRe_C2hCgUMCle89AZoZBqoYmpV0Z765NutDtf-_9l0iwrTVtnZc0ZXEWWpx-NwR6cNtBvkO7zZLmti4Tyl2RB-3yOmd-Xg7376BCr9-aYiRiUwwU9DBCyRBQGwIXNBdkUE55ywN6hcQcC8CobbADKc0uknh_AC6vOXE:1mfkmX:wcy49mmBsApOV6NqRYom_xHFPUtxdG_g2HYeN6wkdNU", "expire_date": "2021-11-10T15:24:01.794Z"}}, {"model": "sessions.session", "pk": "ihqlz9zpea7b4m3l9mp9mkfpkbl7gzfc", "fields": {"session_data": ".eJxVjDsOwjAQBe_iGlnyL96lpOcM1nq9wQHkSHFSIe4OkVJA-2bmvVSiba1p67Kkqaizcur0u2Xih7QdlDu126x5busyZb0r-qBdX-ciz8vh_h1U6vVbj5mDOBRCA8aDIBoMRqJ4sMBiDRUIJSL6IZK1LBKcILkBIbP1o3p_AONJN9I:1mo4pH:cDIhJEMjmHlk399hIbRcHrg0sWQGpEs2EjtF8FWASwI", "expire_date": "2021-12-03T14:25:15.313Z"}}, {"model": "sessions.session", "pk": "imbqnyw10mmoktjalsqr2t48uj11w6kd", "fields": {"session_data": ".eJxVjDsOwjAQBe_iGlnyL96lpOcM1nq9wQHkSHFSIe4OkVJA-2bmvVSiba1p67Kkqaizcur0u2Xih7QdlDu126x5busyZb0r-qBdX-ciz8vh_h1U6vVbj5mDOBRCA8aDIBoMRqJ4sMBiDRUIJSL6IZK1LBKcILkBIbP1o3p_AONJN9I:1mg2ry:JE58wYmAbQ-Rpa3K6LsTZOGmqSY99wO23t5IDEa5RFA", "expire_date": "2021-11-11T10:42:50.025Z"}}, {"model": "sessions.session", "pk": "ir4vn6j73hx07teo59y2wku8u1j8phr6", "fields": {"session_data": ".eJxVjDsOwjAQBe_iGlnyL96lpOcM1nq9wQHkSHFSIe4OkVJA-2bmvVSiba1p67Kkqaizcur0u2Xih7QdlDu126x5busyZb0r-qBdX-ciz8vh_h1U6vVbj5mDOBRCA8aDIBoMRqJ4sMBiDRUIJSL6IZK1LBKcILkBIbP1o3p_AONJN9I:1mgy9A:96FmUQkAHLSAA2N-f-qzWv9r6omqxLUepp7O4hLao0A", "expire_date": "2021-11-13T23:52:24.823Z"}}, {"model": "sessions.session", "pk": "izybfllfo3487vge7jxta5cb9c02kamm", "fields": {"session_data": ".eJxVjDsOwjAQBe_iGlnyL96lpOcM1nq9wQHkSHFSIe4OkVJA-2bmvVSiba1p67Kkqaizcur0u2Xih7QdlDu126x5busyZb0r-qBdX-ciz8vh_h1U6vVbj5mDOBRCA8aDIBoMRqJ4sMBiDRUIJSL6IZK1LBKcILkBIbP1o3p_AONJN9I:1mgDHB:M2fm8FbwTIQUotRmcpKdRs_QcdufCdaj4noEF99qQbk", "expire_date": "2021-11-11T21:49:33.407Z"}}, {"model": "sessions.session", "pk": "jmyoa1tpolevumxfxila3nhk0xkkc3bc", "fields": {"session_data": ".eJxVjEEOwiAQRe_C2hCgUMCle89AZoZBqoYmpV0Z765NutDtf-_9l0iwrTVtnZc0ZXEWWpx-NwR6cNtBvkO7zZLmti4Tyl2RB-3yOmd-Xg7376BCr9-aYiRiUwwU9DBCyRBQGwIXNBdkUE55ywN6hcQcC8CobbADKc0uknh_AC6vOXE:1moJlt:VDdtD65ucvLKpxc61a0eQb3LD28DgqpWu__pPyPYiYs", "expire_date": "2021-12-04T06:22:45.236Z"}}, {"model": "sessions.session", "pk": "jyp7l37d273omv4ir5j074yz2u9qlq2t", "fields": {"session_data": ".eJxVjEEOwiAQRe_C2hCgUMCle89AZoZBqoYmpV0Z765NutDtf-_9l0iwrTVtnZc0ZXEWWpx-NwR6cNtBvkO7zZLmti4Tyl2RB-3yOmd-Xg7376BCr9-aYiRiUwwU9DBCyRBQGwIXNBdkUE55ywN6hcQcC8CobbADKc0uknh_AC6vOXE:1meL48:yrfdvCqDom_dq2QrhLRdGspjSVKELMABXZupIxrwWhU", "expire_date": "2021-11-06T17:44:20.368Z"}}, {"model": "sessions.session", "pk": "lskxr83w28n7b7m5b5aw59tid6crl3va", "fields": {"session_data": ".eJxVjEEOwiAQRe_C2hCgUMCle89AZoZBqoYmpV0Z765NutDtf-_9l0iwrTVtnZc0ZXEWWpx-NwR6cNtBvkO7zZLmti4Tyl2RB-3yOmd-Xg7376BCr9-aYiRiUwwU9DBCyRBQGwIXNBdkUE55ywN6hcQcC8CobbADKc0uknh_AC6vOXE:1mny4G:BWseDqY7nKpxwAt7yv474kRXBkInixSjCeB1OiJIUK8", "expire_date": "2021-12-03T07:12:16.491Z"}}, {"model": "sessions.session", "pk": "mt0m02oc6t4cr12wyxnm3g3doypinbx7", "fields": {"session_data": ".eJxVjEEOwiAQRe_C2hCgUMCle89AZoZBqoYmpV0Z765NutDtf-_9l0iwrTVtnZc0ZXEWWpx-NwR6cNtBvkO7zZLmti4Tyl2RB-3yOmd-Xg7376BCr9-aYiRiUwwU9DBCyRBQGwIXNBdkUE55ywN6hcQcC8CobbADKc0uknh_AC6vOXE:1mdifD:9o_clurgKkRC0JjcrWX2VRUuQ4QBXTcCzSFDH7kSvc4", "expire_date": "2021-11-05T00:44:03.792Z"}}, {"model": "sessions.session", "pk": "oc0gxed4crf7qugtgkps1snjcdppea6c", "fields": {"session_data": ".eJxVjDsOwjAQBe_iGlnyL96lpOcM1nq9wQHkSHFSIe4OkVJA-2bmvVSiba1p67Kkqaizcur0u2Xih7QdlDu126x5busyZb0r-qBdX-ciz8vh_h1U6vVbj5mDOBRCA8aDIBoMRqJ4sMBiDRUIJSL6IZK1LBKcILkBIbP1o3p_AONJN9I:1miiSG:aZiNBRBBOf7KB0c4G19ZLiIiVt7Z2-JL7u6Fohg7w4A", "expire_date": "2021-11-18T19:31:20.775Z"}}, {"model": "sessions.session", "pk": "qiing0w0z6aipbvzcrhrz9iq32buzbpk", "fields": {"session_data": ".eJxVjDsOwjAQBe_iGlnyL96lpOcM1nq9wQHkSHFSIe4OkVJA-2bmvVSiba1p67Kkqaizcur0u2Xih7QdlDu126x5busyZb0r-qBdX-ciz8vh_h1U6vVbj5mDOBRCA8aDIBoMRqJ4sMBiDRUIJSL6IZK1LBKcILkBIbP1o3p_AONJN9I:1mgpey:obIn7HpQTuCEjSGpkcqK1CMogdZw3rVne1pwnFXYFhA", "expire_date": "2021-11-13T14:48:40.930Z"}}, {"model": "sessions.session", "pk": "qiy294kb2fb7ctc22iy987xkxj2x90t3", "fields": {"session_data": ".eJxVjDsOwjAQBe_iGlnyL96lpOcM1nq9wQHkSHFSIe4OkVJA-2bmvVSiba1p67Kkqaizcur0u2Xih7QdlDu126x5busyZb0r-qBdX-ciz8vh_h1U6vVbj5mDOBRCA8aDIBoMRqJ4sMBiDRUIJSL6IZK1LBKcILkBIbP1o3p_AONJN9I:1mo0o1:mk7ufGg9W1qRjcQENjvcQwuNAHRV9uMbhlynf4DLI-o", "expire_date": "2021-12-03T10:07:41.795Z"}}, {"model": "sessions.session", "pk": "qsirtsu7u5dcfdk6y4awbun2hrtmn2ze", "fields": {"session_data": ".eJxVjEEOwiAQRe_C2hCgUMCle89AZoZBqoYmpV0Z765NutDtf-_9l0iwrTVtnZc0ZXEWWpx-NwR6cNtBvkO7zZLmti4Tyl2RB-3yOmd-Xg7376BCr9-aYiRiUwwU9DBCyRBQGwIXNBdkUE55ywN6hcQcC8CobbADKc0uknh_AC6vOXE:1mgjt7:UPZjH8jPRSiMjcNBtZZ-VokzLovGNx1CxpGA01H4qrk", "expire_date": "2021-11-13T08:38:53.083Z"}}, {"model": "sessions.session", "pk": "r3l7snk77afj1sp3pgr9i8nou9g8mnil", "fields": {"session_data": ".eJxVjDsOwjAQBe_iGlnyL96lpOcM1nq9wQHkSHFSIe4OkVJA-2bmvVSiba1p67Kkqaizcur0u2Xih7QdlDu126x5busyZb0r-qBdX-ciz8vh_h1U6vVbj5mDOBRCA8aDIBoMRqJ4sMBiDRUIJSL6IZK1LBKcILkBIbP1o3p_AONJN9I:1mny4p:HhQrBc_JjPab342kMZxaL_X_NpAk8-kYyKPLU1TyysA", "expire_date": "2021-12-03T07:12:51.161Z"}}, {"model": "sessions.session", "pk": "t3q1f06wuttkh97s2392rx1hdj98i9bq", "fields": {"session_data": ".eJxVjEEOwiAQRe_C2hCgUMCle89AZoZBqoYmpV0Z765NutDtf-_9l0iwrTVtnZc0ZXEWWpx-NwR6cNtBvkO7zZLmti4Tyl2RB-3yOmd-Xg7376BCr9-aYiRiUwwU9DBCyRBQGwIXNBdkUE55ywN6hcQcC8CobbADKc0uknh_AC6vOXE:1mdyvh:AhbN-ZjOtP-YfxzoIJiwiAiC-K9GsF9OwNA7My7XmXI", "expire_date": "2021-11-05T18:06:09.012Z"}}, {"model": "sessions.session", "pk": "w3ysu1oyn8u0q604c4925q8upzu66ert", "fields": {"session_data": ".eJxVjEEOwiAQRe_C2hCgUMCle89AZoZBqoYmpV0Z765NutDtf-_9l0iwrTVtnZc0ZXEWWpx-NwR6cNtBvkO7zZLmti4Tyl2RB-3yOmd-Xg7376BCr9-aYiRiUwwU9DBCyRBQGwIXNBdkUE55ywN6hcQcC8CobbADKc0uknh_AC6vOXE:1meVVU:Y2d0Ys5CHeg_0qZkakJVyP5RoFnIdTxEPzw1oMY2QaM", "expire_date": "2021-11-07T04:53:16.954Z"}}, {"model": "sessions.session", "pk": "xw58omfcolw9xeerzt0lpke2e77k4q46", "fields": {"session_data": ".eJxVjDsOwjAQBe_iGlnyL96lpOcM1nq9wQHkSHFSIe4OkVJA-2bmvVSiba1p67Kkqaizcur0u2Xih7QdlDu126x5busyZb0r-qBdX-ciz8vh_h1U6vVbj5mDOBRCA8aDIBoMRqJ4sMBiDRUIJSL6IZK1LBKcILkBIbP1o3p_AONJN9I:1mcrU1:RLp8w0URciuNoGLaLLlw_FdgNPQfsIyo4u5EndAz85s", "expire_date": "2021-11-02T15:56:57.497Z"}}, {"model": "accounts.user", "pk": 1, "fields": {"password": "pbkdf2_sha256$260000$1H8IjtHo7XYY6AICIhCQ2t$XstgKinhNVvBeTuzodGEk0TtOT3HqNfkNzgXZ7xcGOw=", "last_login": "2021-11-21T08:21:50.107Z", "first_name": "adi", "last_name": "chris", "gender": null, "date_of_birth": null, "email": "adi@gmail.com", "phone_number": "+233245577691", "picture": "", "slug": "adichris", "is_online": true, "is_active": true, "is_admin": false, "is_superuser": true, "timestamp": "2021-11-21T08:21:49.991Z", "identity": "chris", "groups": [], "user_permissions": []}}, {"model": "accounts.user", "pk": 3, "fields": {"password": "", "last_login": "2021-11-19T14:25:14.948Z", "first_name": "Wisdom", "last_name": "Paul", "gender": "m", "date_of_birth": "2000-02-20", "email": "wisdompaul@crs.com", "phone_number": "+447537177369", "picture": "user/profile_picture/None_4EQwuBb.webp", "slug": "wisdompaul", "is_online": true, "is_active": true, "is_admin": false, "is_superuser": false, "timestamp": "2021-11-19T14:25:14.800Z", "identity": "12121212", "groups": [2], "user_permissions": []}}, {"model": "address.address", "pk": 1, "fields": {"country": "GH", "region": "Bono", "district": "Sunyani", "home_town": "GetFund", "address": "Nyhira RM10", "current_region": "Bono", "current_latitude": null, "current_longitude": null, "profile": 3}}, {"model": "admission.formtypechoicesmodel", "pk": 1, "fields": {"title": "DIRECT", "subtitle": "REGULAR", "timestamp": "2021-10-17T17:55:40.069Z"}}, {"model": "admission.studentforms", "pk": 1, "fields": {"serial_number": "12121212", "pin_code": "741852", "form_type": 1, "cost": null, "candidate_name": null, "candidate_phone_number": null, "sales_point": null, "sales_point_location": null, "sales_agent": null, "academic_year": "2020/2021", "timestamp": "2021-10-18T07:55:23.721Z", "updated_at": "2021-11-21T15:58:49.064Z", "status": "submitted", "is_current": true}}, {"model": "admission.studentforms", "pk": 2, "fields": {"serial_number": "ADDD7788", "pin_code": "94545454", "form_type": 1, "cost": null, "candidate_name": null, "candidate_phone_number": null, "sales_point": null, "sales_point_location": null, "sales_agent": null, "academic_year": "2020/2021", "timestamp": "2021-11-20T10:24:17.950Z", "updated_at": "2021-11-20T10:24:18.101Z", "status": "new", "is_current": true}}, {"model": "admission.studentforms", "pk": 3, "fields": {"serial_number": "ADDI7788", "pin_code": "ADDI7788", "form_type": 1, "cost": null, "candidate_name": null, "candidate_phone_number": null, "sales_point": null, "sales_point_location": null, "sales_agent": null, "academic_year": "2019/2020", "timestamp": "2021-11-21T16:10:27.215Z", "updated_at": "2021-11-21T16:10:27.440Z", "status": "new", "is_current": true}}, {"model": "student.student", "pk": 1, "fields": {"profile": 3, "admission_form": 1, "index_number": null}}, {"model": "student.studentprogrammechoice", "pk": 1, "fields": {"first_choice": 14, "second_choice": 15, "third_choice": 6, "student": 1}}, {"model": "student.admissioncertificate", "pk": 1, "fields": {"student": 1, "certificate_picture": ""}}, {"model": "student.certexamrecord", "pk": 265, "fields": {"certificate": 1, "subject": "English Language", "index_number": "37630000034", "examination_year": 2001, "school": "Ebenezer High School", "grade": "A", "examination_type": "school candidate"}}, {"model": "student.certexamrecord", "pk": 266, "fields": {"certificate": 1, "subject": "Social Studies", "index_number": "37630000034", "examination_year": 2001, "school": "Ebenezer High School", "grade": "C", "examination_type": "school candidate"}}, {"model": "student.certexamrecord", "pk": 267, "fields": {"certificate": 1, "subject": "Mathematics (Core)", "index_number": "37630000034", "examination_year": 2001, "school": "Ebenezer High School", "grade": "B", "examination_type": "school candidate"}}, {"model": "student.certexamrecord", "pk": 268, "fields": {"certificate": 1, "subject": "Elective Maths", "index_number": "37630000034", "examination_year": 2001, "school": "Ebenezer High School", "grade": "C", "examination_type": "school candidate"}}, {"model": "student.certexamrecord", "pk": 269, "fields": {"certificate": 1, "subject": "Integrated Science", "index_number": "37630000034", "examination_year": 2001, "school": "Ebenezer High School", "grade": "C", "examination_type": "school candidate"}}, {"model": "student.certexamrecord", "pk": 270, "fields": {"certificate": 1, "subject": "Biology", "index_number": "37630000034", "examination_year": 2001, "school": "Ebenezer High School", "grade": "A", "examination_type": "school candidate"}}, {"model": "student.certexamrecord", "pk": 271, "fields": {"certificate": 1, "subject": "Economics", "index_number": "37630000034", "examination_year": 2001, "school": "Ebenezer High School", "grade": "A", "examination_type": "school candidate"}}, {"model": "student.studentpreviouseducation", "pk": 1, "fields": {"student": 1, "school": "Ebenezer High School", "region": "Sunyani", "from_year": 2017, "to_year": 2020}}, {"model": "empoymentHistory.employmenthistorymodel", "pk": 1, "fields": {"has_history": false, "employee": 3, "company_name": null, "address": null, "state": null, "city": null, "specific_duty": "", "job_title": null, "supervisor": null, "employed_from": null, "employed_to": null, "why_leave": null}}, {"model": "sponsor.studentsponsor", "pk": 1, "fields": {"student": 1, "name": "Plug", "email": "wisdompaul@crs.com", "phone_number": "+77778555454", "city": "Sunyani", "state": "Sunyani", "address": "Sunyani", "relationship": "Father", "scholarship": false, "on_government_support": false}}, {"model": "faculty.faculty", "pk": 5, "fields": {"name": "School of Nursing and Midwifery", "slug": "school-of-nursing-and-midwifery", "icon": "faculty/School of Nursing and Midwifery/icon.png", "picture": "faculty/School of Nursing and Midwifery/picture.jpg", "note": "", "timestamp": "2021-10-29T10:55:32.724Z"}}, {"model": "faculty.faculty", "pk": 6, "fields": {"name": "Graduate School", "slug": "graduate-school", "icon": "faculty/Graduate School/icon.ico", "picture": "faculty/Graduate School/picture.jpg", "note": "", "timestamp": "2021-10-30T08:12:15.247Z"}}, {"model": "faculty.faculty", "pk": 7, "fields": {"name": "School of Allied Health Science", "slug": "school-of-allied-health-science", "icon": "faculty/School of Allied Health Science/icon.ico", "picture": "faculty/School of Allied Health Science/picture.jpg", "note": "<p><strong><span style=\"color:black\"><span style=\"color:#666666\">Introduction</span></span></strong></p>\r\n\r\n<p><span style=\"color:black\"><span style=\"color:#666666\">The School of Allied Health Sciences (SAHS) was established in line with the University</span><span dir=\"RTL\"><span style=\"color:#666666\">&rsquo;</span></span><span style=\"color:#666666\">s mandate and its method of teaching, research and community work extension. The School</span><span dir=\"RTL\"><span style=\"color:#666666\">&rsquo;</span></span><span style=\"color:#666666\">s programmes focus on human development through the training of qualified health professionals who provide the needed health services in deprived communities in particular to improve on the quality of life of the people. In line with its Philosophy and Mission, the SAHS provides an integrative approach to learning and developing health professional leaders for roles in building healthy communities.</span></span></p>\r\n\r\n<p><span style=\"color:black\">&nbsp;</span></p>\r\n\r\n<p><strong><span style=\"color:black\"><span style=\"color:#666666\">INTERNATIONAL COLLABORATIONS/LINKAGES</span></span></strong></p>\r\n\r\n<ul>\r\n\t<li><span style=\"color:black\"><span style=\"color:#666666\">MoU with Arima Group of Companies Ghana Limited to provide the finest and latest techniques to students by sharing knowledge through teaching at the University for Development Studies.</span></span></li>\r\n\t<li><span style=\"color:black\"><span style=\"color:#666666\">MoU with Pace University (New York) to establish a cooperative relationship through mutual assistance in the areas of joint educational, cultural and research activities, including exchange of Faculty members and graduate students for research, lectures and discussions, seminars and academic meetings, exchange of academic materials, publications and other information, and special short-term academic programs.</span></span></li>\r\n\t<li><span style=\"color:black\"><span style=\"color:#666666\">UBCO Global Nursing Citizen&#39;s Scholarship Award for Graduate Students whose research area is in maternal and child health and community development (2 students from M.CHaD awarded this year).</span></span></li>\r\n\t<li><span style=\"color:black\"><span style=\"color:#666666\">Collaboration with the University of British Colombia (UBC), Okanagan for the past sixteen years. The trust of the collaboration is to enhance nursing education, capacity building and to offer exchange programmes.</span></span></li>\r\n</ul>\r\n\r\n<p><strong><span style=\"color:black\"><span style=\"color:#666666\">STUDENT POPULATION</span></span></strong></p>\r\n\r\n<p><span style=\"color:black\"><span style=\"color:#666666\">The School had a student population of Three Thousand, Five Hundred and Twenty-Nine (3,529) during the 2018/2019 academic year, consisting of One Thousand, Seven Hundred and Nine (1,709) males and One Thousand, Eight Hundred and Twenty (1,820) females. The detailed student population is shown in the Table below.</span></span></p>", "timestamp": "2021-10-30T08:13:19.988Z"}}, {"model": "faculty.faculty", "pk": 8, "fields": {"name": "School of Economics and Management Sciences", "slug": "school-of-economics-and-management-science", "icon": "faculty/School of Economics and Management Science/icon.png", "picture": "faculty/School of Economics and Management Science/picture.jpg", "note": "", "timestamp": "2021-10-30T08:16:14.830Z"}}, {"model": "faculty.faculty", "pk": 9, "fields": {"name": "School of Engineering", "slug": "school-of-engineering", "icon": "faculty/School of Engineering/icon.png", "picture": "faculty/School of Engineering/picture.jpg", "note": "", "timestamp": "2021-10-30T08:19:41.431Z"}}, {"model": "faculty.faculty", "pk": 10, "fields": {"name": "SCHOOL OF MEDICINE", "slug": "school-of-medicine", "icon": "faculty/SCHOOL OF MEDICINE/icon.png", "picture": "faculty/SCHOOL OF MEDICINE/picture.jpg", "note": "", "timestamp": "2021-10-30T08:20:50.587Z"}}, {"model": "faculty.faculty", "pk": 11, "fields": {"name": "SCHOOL PHARMACY  AND PHARMACEUTICAL SCIENCES", "slug": "school-pharmacy-and-pharmaceutical-sciences", "icon": "faculty/SCHOOL PHARMACY  AND PHARMACEUTICAL SCIENCES/icon.PNG", "picture": "faculty/SCHOOL PHARMACY  AND PHARMACEUTICAL SCIENCES/picture.PNG", "note": "", "timestamp": "2021-10-30T08:24:39.816Z"}}, {"model": "faculty.faculty", "pk": 12, "fields": {"name": "SCHOOL OF PUBLIC HEALTH", "slug": "school-of-public-health", "icon": "faculty/SCHOOL OF PUBLIC HEALTH/icon.png", "picture": "faculty/SCHOOL OF PUBLIC HEALTH/picture.jpg", "note": "", "timestamp": "2021-10-30T08:26:05.744Z"}}, {"model": "faculty.faculty", "pk": 13, "fields": {"name": "DIRECTORATE OF COLLEGES OF EDUCTION AFFILATION", "slug": "directorate-of-colleges-of-eduction-affilation", "icon": "faculty/DIRECTORATE OF COLLEGES OF EDUCTION AFFILATION/icon.png", "picture": "faculty/DIRECTORATE OF COLLEGES OF EDUCTION AFFILATION/picture.jpg", "note": "", "timestamp": "2021-10-30T08:31:15.968Z"}}, {"model": "faculty.faculty", "pk": 14, "fields": {"name": "FACULTY OF AGRICULTURE, FOOD AND CONSUMER  SCIENCES", "slug": "faculty-of-agriculture-food-and-consumer-sciences", "icon": "faculty/FACULTY OF AGRICULTURE, FOOD AND CONSUMER  SCIENCES/icon.JPG", "picture": "faculty/FACULTY OF AGRICULTURE, FOOD AND CONSUMER  SCIENCES/picture.JPG", "note": "", "timestamp": "2021-10-30T08:33:47.226Z"}}, {"model": "faculty.faculty", "pk": 15, "fields": {"name": "FACULTY OF BIOSCIENCES", "slug": "faculty-of-biosciences", "icon": "faculty/FACULTY OF BIOSCIENCES/icon.PNG", "picture": "faculty/FACULTY OF BIOSCIENCES/picture.JPG", "note": "", "timestamp": "2021-10-30T08:36:41.432Z"}}, {"model": "faculty.faculty", "pk": 16, "fields": {"name": "FACULTY OF EDUCATION", "slug": "faculty-of-education", "icon": "faculty/FACULTY OF EDUCATION/icon.png", "picture": "faculty/FACULTY OF EDUCATION/picture.jpg", "note": "", "timestamp": "2021-10-30T08:38:25.334Z"}}, {"model": "faculty.faculty", "pk": 17, "fields": {"name": "FACULTY OF COMMUNICATION AND CULTURAL STUDIES", "slug": "faculty-of-communication-and-cultural-studies", "icon": "faculty/FACULTY OF COMMUNICATION AND CULTURAL STUDIES/icon.png", "picture": "faculty/FACULTY OF COMMUNICATION AND CULTURAL STUDIES/picture.jpg", "note": "", "timestamp": "2021-10-30T08:40:31.837Z"}}, {"model": "faculty.faculty", "pk": 18, "fields": {"name": "FACULTY OF NTAURAL RESOURCES AND ENVIRONMENT", "slug": "faculty-of-ntaural-resources-and-environment", "icon": "faculty/FACULTY OF NTAURAL RESOURCES AND ENVIRONMENT/icon.png", "picture": "faculty/FACULTY OF NTAURAL RESOURCES AND ENVIRONMENT/picture.JPG", "note": "", "timestamp": "2021-10-30T08:41:50.006Z"}}, {"model": "faculty.faculty", "pk": 19, "fields": {"name": "FACULTY OF SUSTAINABILITY", "slug": "faculty-of-sustainability", "icon": "faculty/FACULTY OF SUSTAINABILITY/icon.png", "picture": "faculty/FACULTY OF SUSTAINABILITY/picture.jpg", "note": "", "timestamp": "2021-10-30T08:45:57.204Z"}}, {"model": "department.department", "pk": 2, "fields": {"faculty": 5, "name": "Department of Advanced Nursing Practice", "short_form": null, "slug": "department-of-advanced-nursing-practice", "updated": "2021-10-30T07:44:57.194Z", "created_by": 1, "picture": ""}}, {"model": "department.department", "pk": 3, "fields": {"faculty": 5, "name": "Department of General Nursing", "short_form": "General Nursing", "slug": "department-of-general-nursing", "updated": "2021-10-30T14:14:00.277Z", "created_by": 1, "picture": "faculty/School of Nursing and Midwifery/department/Department_of_General_Nursing.jfif"}}, {"model": "department.department", "pk": 4, "fields": {"faculty": 5, "name": "Department of Mental Nursing", "short_form": null, "slug": "department-of-mental-nursing", "updated": "2021-10-30T07:51:40.352Z", "created_by": 1, "picture": ""}}, {"model": "department.department", "pk": 5, "fields": {"faculty": 5, "name": "Department of  Midwifery and Women Health", "short_form": null, "slug": "department-of-midwifery-and-women-health", "updated": "2021-10-30T07:52:17.835Z", "created_by": 1, "picture": ""}}, {"model": "department.department", "pk": 6, "fields": {"faculty": 5, "name": "Department of Paediatric Nursing", "short_form": null, "slug": "department-of-paediatric-nursing", "updated": "2021-10-30T07:53:03.782Z", "created_by": 1, "picture": ""}}, {"model": "department.department", "pk": 7, "fields": {"faculty": 5, "name": "Department of Preventive Health Nursing", "short_form": null, "slug": "department-of-preventive-health-nursing", "updated": "2021-10-30T07:53:44.743Z", "created_by": 1, "picture": ""}}, {"model": "department.department", "pk": 8, "fields": {"faculty": 7, "name": "Department of Biomedical Laboratory Sciences", "short_form": null, "slug": "department-of-biomedical-laboratory-sciences", "updated": "2021-10-30T09:12:08.780Z", "created_by": 1, "picture": "faculty/School of Allied Health Science/department/Department_of_Biomedical_Laboratory_Sciences.jfif"}}, {"model": "department.department", "pk": 9, "fields": {"faculty": 7, "name": "Department of Clinical Sciences", "short_form": null, "slug": "department-of-clinical-sciences", "updated": "2021-10-30T09:14:52.045Z", "created_by": 1, "picture": "faculty/School of Allied Health Science/department/Department_of_Clinical_Sciences.jfif"}}, {"model": "department.department", "pk": 10, "fields": {"faculty": 7, "name": "Department of Dietetics", "short_form": null, "slug": "department-of-dietetics", "updated": "2021-10-30T09:15:23.280Z", "created_by": 1, "picture": "faculty/School of Allied Health Science/department/Department_of_Dietetics.jfif"}}, {"model": "department.department", "pk": 11, "fields": {"faculty": 7, "name": "Department of Haematology", "short_form": null, "slug": "department-of-haematology", "updated": "2021-10-30T09:16:09.937Z", "created_by": 1, "picture": ""}}, {"model": "department.department", "pk": 12, "fields": {"faculty": 7, "name": "Department of Histology and Immunodiagnostics", "short_form": null, "slug": "department-of-histology-and-immunodiagnostics", "updated": "2021-10-30T09:17:27.085Z", "created_by": 1, "picture": ""}}, {"model": "department.department", "pk": 13, "fields": {"faculty": 7, "name": "Department of Infectious Diseases", "short_form": null, "slug": "department-of-infectious-diseases", "updated": "2021-10-30T09:18:16.949Z", "created_by": 1, "picture": ""}}, {"model": "department.department", "pk": 14, "fields": {"faculty": 7, "name": "Department of Medical Physics and Imaging", "short_form": null, "slug": "department-of-medical-physics-and-imaging", "updated": "2021-10-30T09:18:51.001Z", "created_by": 1, "picture": ""}}, {"model": "department.department", "pk": 15, "fields": {"faculty": 7, "name": "Department of Nutritional Sciences", "short_form": null, "slug": "department-of-nutritional-sciences", "updated": "2021-10-30T09:19:48.811Z", "created_by": 1, "picture": ""}}, {"model": "department.department", "pk": 16, "fields": {"faculty": 14, "name": "Department of Agricbusiness Management and Finance", "short_form": null, "slug": "department-of-agricbusiness-management-and-finance", "updated": "2021-10-30T10:14:21.862Z", "created_by": 1, "picture": ""}}, {"model": "department.department", "pk": 17, "fields": {"faculty": 14, "name": "Department of Agricultural Administration and Marketing", "short_form": null, "slug": "department-of-agricultural-administration-and-marketing", "updated": "2021-10-30T10:15:20.041Z", "created_by": 1, "picture": ""}}, {"model": "department.department", "pk": 18, "fields": {"faculty": 14, "name": "Department of Agricultural Management and Policy", "short_form": null, "slug": "department-of-agricultural-management-and-marketing", "updated": "2021-10-30T10:15:59.763Z", "created_by": 1, "picture": ""}}, {"model": "department.department", "pk": 19, "fields": {"faculty": 14, "name": "Department of Agricultural Mechanization and Irrigation Technology", "short_form": null, "slug": "department-of-agricultural-mechanization-and-irrigation-technology", "updated": "2021-10-30T10:16:52.887Z", "created_by": 1, "picture": ""}}, {"model": "department.department", "pk": 20, "fields": {"faculty": 14, "name": "Department of Agricultural  and Food Economics", "short_form": null, "slug": "department-of-agricultural-and-food-economics", "updated": "2021-10-30T10:17:15.244Z", "created_by": 1, "picture": ""}}, {"model": "department.department", "pk": 21, "fields": {"faculty": 14, "name": "Department of Animal Science", "short_form": null, "slug": "department-of-animal-science", "updated": "2021-10-30T10:17:52.199Z", "created_by": 1, "picture": ""}}, {"model": "department.department", "pk": 22, "fields": {"faculty": 14, "name": "Department of Creative Design and Technology", "short_form": null, "slug": "department-of-creative-design-and-technology", "updated": "2021-10-30T10:18:16.116Z", "created_by": 1, "picture": ""}}, {"model": "department.department", "pk": 23, "fields": {"faculty": 14, "name": "Department of Crop Science", "short_form": null, "slug": "department-of-crop-science", "updated": "2021-10-30T10:18:36.627Z", "created_by": 1, "picture": ""}}, {"model": "department.department", "pk": 24, "fields": {"faculty": 14, "name": "Department of Family and Consumer Science", "short_form": null, "slug": "department-of-family-consumer-science", "updated": "2021-10-30T13:19:13.677Z", "created_by": 1, "picture": ""}}, {"model": "department.department", "pk": 25, "fields": {"faculty": 14, "name": "Department of Food Science and Komla technology", "short_form": null, "slug": "department-of-food-science-and-komla-technology", "updated": "2021-10-30T10:19:30.945Z", "created_by": 1, "picture": ""}}, {"model": "department.department", "pk": 26, "fields": {"faculty": 14, "name": "Department of Food Security and AI-Hassan Climate Change", "short_form": null, "slug": "department-of-food-security-and-ai-hassan-climate-change", "updated": "2021-10-30T10:20:16.233Z", "created_by": 1, "picture": ""}}, {"model": "department.department", "pk": 27, "fields": {"faculty": 14, "name": "Department of Soil Science", "short_form": null, "slug": "department-of-soil-science", "updated": "2021-10-30T10:20:46.063Z", "created_by": 1, "picture": ""}}, {"model": "department.department", "pk": 28, "fields": {"faculty": 14, "name": "Department of Veterinary Science", "short_form": null, "slug": "department-of-veterinary-science", "updated": "2021-10-30T10:21:08.718Z", "created_by": 1, "picture": ""}}, {"model": "department.department", "pk": 29, "fields": {"faculty": 14, "name": "Department of Horticulture", "short_form": null, "slug": "department-of-horticulture", "updated": "2021-10-30T12:32:42.772Z", "created_by": 1, "picture": ""}}, {"model": "department.department", "pk": 30, "fields": {"faculty": 14, "name": "Department of Soil Science 2", "short_form": null, "slug": "department-of-soil-science-2", "updated": "2021-10-30T12:36:28.125Z", "created_by": 1, "picture": ""}}, {"model": "department.department", "pk": 31, "fields": {"faculty": 14, "name": "Department of Agricultural and Consumer Science Education", "short_form": null, "slug": "department-of-agricultural-consumer-science-education", "updated": "2021-10-30T13:07:08.209Z", "created_by": 1, "picture": ""}}, {"model": "department.department", "pk": 32, "fields": {"faculty": 14, "name": "Department of Agribusiness Management and Finance", "short_form": null, "slug": "department-of-agribusiness-management-and-finance", "updated": "2021-10-30T13:13:30.982Z", "created_by": 1, "picture": ""}}, {"model": "department.department", "pk": 33, "fields": {"faculty": 14, "name": "Department of Food Science and Technology", "short_form": null, "slug": "department-of-food-science-and-technology", "updated": "2021-10-30T13:26:11.102Z", "created_by": 1, "picture": ""}}, {"model": "programme.programme", "pk": 6, "fields": {"name": "BSc Midwifery", "department": 5, "slug": "bsc-midwifery"}}, {"model": "programme.programme", "pk": 7, "fields": {"name": "BSc Nurse Practitioner", "department": 2, "slug": "bsc-nurse-practitioner"}}, {"model": "programme.programme", "pk": 8, "fields": {"name": "BSc Paediatric Nursing", "department": 6, "slug": "bsc-paediatric-nursing"}}, {"model": "programme.programme", "pk": 9, "fields": {"name": "BSc Community Nutrition", "department": 15, "slug": "bsc-community-nutrition"}}, {"model": "programme.programme", "pk": 10, "fields": {"name": "BSc Medical Imaging Technology", "department": 14, "slug": "bsc-medical-imaging-technology"}}, {"model": "programme.programme", "pk": 11, "fields": {"name": "Doctor of Medical Laboratory Science", "department": 8, "slug": "doctor-of-medical-laboratory-science"}}, {"model": "programme.programme", "pk": 12, "fields": {"name": "MPhil Chemical Pathology", "department": 8, "slug": "mphil-chemical-pathology"}}, {"model": "programme.programme", "pk": 13, "fields": {"name": "PhD Chemical Pathology", "department": 8, "slug": "phd-chemical-pathology"}}, {"model": "programme.programme", "pk": 14, "fields": {"name": "BEd Agriculture Science", "department": 31, "slug": "bed-agriculture-science"}}, {"model": "programme.programme", "pk": 15, "fields": {"name": "BEd Family And Consumer Science", "department": 31, "slug": "bed-family-and-consumer-science"}}, {"model": "programme.programme", "pk": 16, "fields": {"name": "MPhil Agriculture Science", "department": 31, "slug": "mphil-agriculture-science"}}, {"model": "programme.programme", "pk": 17, "fields": {"name": "Bsc Agribusiness", "department": 32, "slug": "bsc-agribusiness"}}, {"model": "programme.programme", "pk": 18, "fields": {"name": "Bsc Agriculture Technology", "department": 19, "slug": "bsc-agriculture-technology"}}, {"model": "programme.programme", "pk": 19, "fields": {"name": "BSc Family and Consumer Science", "department": 24, "slug": "bsc-family-and-consumer-science"}}, {"model": "programme.programme", "pk": 20, "fields": {"name": "BSc Food Science And Technology", "department": 33, "slug": "bsc-food-science-and-technology"}}, {"model": "programme.programme", "pk": 21, "fields": {"name": "BSc Veterinary Nursing", "department": 28, "slug": "bsc-veterinary-nursing"}}, {"model": "programme.programme", "pk": 22, "fields": {"name": "Diploma In Agriculture Science Education", "department": 31, "slug": "diploma-in-agriculture-science-education"}}, {"model": "programme.programme", "pk": 23, "fields": {"name": "Diploma In Agriculture Technology", "department": 19, "slug": "diploma-in-agriculture-technology"}}, {"model": "programme.programme", "pk": 24, "fields": {"name": "Diploma In Family And Consumer Science", "department": 24, "slug": "diploma-in-family-and-consumer-science"}}, {"model": "programme.programme", "pk": 25, "fields": {"name": "MEd Agriculture Science", "department": 31, "slug": "med-agriculture-science"}}]