[{"model": "admin.logentry", "pk": 1, "fields": {"action_time": "2021-10-17T17:55:40.071Z", "user": 1, "content_type": 9, "object_id": "1", "object_repr": "DIRECT", "action_flag": 1, "change_message": "[{\"added\": {}}]"}}, {"model": "admin.logentry", "pk": 2, "fields": {"action_time": "2021-10-18T15:40:56.877Z", "user": 1, "content_type": 3, "object_id": "1", "object_repr": "Address perms", "action_flag": 3, "change_message": ""}}, {"model": "admin.logentry", "pk": 3, "fields": {"action_time": "2021-10-19T11:27:38.815Z", "user": 1, "content_type": 6, "object_id": "2", "object_repr": "Wisdom Paul", "action_flag": 3, "change_message": ""}}, {"model": "admin.logentry", "pk": 4, "fields": {"action_time": "2021-10-19T11:39:28.245Z", "user": 1, "content_type": 6, "object_id": "2", "object_repr": "Wisdom Paul", "action_flag": 3, "change_message": ""}}, {"model": "admin.logentry", "pk": 5, "fields": {"action_time": "2021-10-22T05:45:22.762Z", "user": 1, "content_type": 14, "object_id": "1", "object_repr": "Midwife", "action_flag": 2, "change_message": "[{\"changed\": {\"fields\": [\"Icon\", \"Picture\"]}}]"}}, {"model": "auth.permission", "pk": 1, "fields": {"name": "Can add log entry", "content_type": 1, "codename": "add_logentry"}}, {"model": "auth.permission", "pk": 2, "fields": {"name": "Can change log entry", "content_type": 1, "codename": "change_logentry"}}, {"model": "auth.permission", "pk": 3, "fields": {"name": "Can delete log entry", "content_type": 1, "codename": "delete_logentry"}}, {"model": "auth.permission", "pk": 4, "fields": {"name": "Can view log entry", "content_type": 1, "codename": "view_logentry"}}, {"model": "auth.permission", "pk": 5, "fields": {"name": "Can add permission", "content_type": 2, "codename": "add_permission"}}, {"model": "auth.permission", "pk": 6, "fields": {"name": "Can change permission", "content_type": 2, "codename": "change_permission"}}, {"model": "auth.permission", "pk": 7, "fields": {"name": "Can delete permission", "content_type": 2, "codename": "delete_permission"}}, {"model": "auth.permission", "pk": 8, "fields": {"name": "Can view permission", "content_type": 2, "codename": "view_permission"}}, {"model": "auth.permission", "pk": 9, "fields": {"name": "Can add group", "content_type": 3, "codename": "add_group"}}, {"model": "auth.permission", "pk": 10, "fields": {"name": "Can change group", "content_type": 3, "codename": "change_group"}}, {"model": "auth.permission", "pk": 11, "fields": {"name": "Can delete group", "content_type": 3, "codename": "delete_group"}}, {"model": "auth.permission", "pk": 12, "fields": {"name": "Can view group", "content_type": 3, "codename": "view_group"}}, {"model": "auth.permission", "pk": 13, "fields": {"name": "Can add content type", "content_type": 4, "codename": "add_contenttype"}}, {"model": "auth.permission", "pk": 14, "fields": {"name": "Can change content type", "content_type": 4, "codename": "change_contenttype"}}, {"model": "auth.permission", "pk": 15, "fields": {"name": "Can delete content type", "content_type": 4, "codename": "delete_contenttype"}}, {"model": "auth.permission", "pk": 16, "fields": {"name": "Can view content type", "content_type": 4, "codename": "view_contenttype"}}, {"model": "auth.permission", "pk": 17, "fields": {"name": "Can add session", "content_type": 5, "codename": "add_session"}}, {"model": "auth.permission", "pk": 18, "fields": {"name": "Can change session", "content_type": 5, "codename": "change_session"}}, {"model": "auth.permission", "pk": 19, "fields": {"name": "Can delete session", "content_type": 5, "codename": "delete_session"}}, {"model": "auth.permission", "pk": 20, "fields": {"name": "Can view session", "content_type": 5, "codename": "view_session"}}, {"model": "auth.permission", "pk": 21, "fields": {"name": "Can add User", "content_type": 6, "codename": "add_user"}}, {"model": "auth.permission", "pk": 22, "fields": {"name": "Can change User", "content_type": 6, "codename": "change_user"}}, {"model": "auth.permission", "pk": 23, "fields": {"name": "Can delete User", "content_type": 6, "codename": "delete_user"}}, {"model": "auth.permission", "pk": 24, "fields": {"name": "Can view User", "content_type": 6, "codename": "view_user"}}, {"model": "auth.permission", "pk": 25, "fields": {"name": "Can add address", "content_type": 7, "codename": "add_address"}}, {"model": "auth.permission", "pk": 26, "fields": {"name": "Can change address", "content_type": 7, "codename": "change_address"}}, {"model": "auth.permission", "pk": 27, "fields": {"name": "Can delete address", "content_type": 7, "codename": "delete_address"}}, {"model": "auth.permission", "pk": 28, "fields": {"name": "Can view address", "content_type": 7, "codename": "view_address"}}, {"model": "auth.permission", "pk": 29, "fields": {"name": "Can add sales of admission forms", "content_type": 8, "codename": "add_salesofadmissionforms"}}, {"model": "auth.permission", "pk": 30, "fields": {"name": "Can change sales of admission forms", "content_type": 8, "codename": "change_salesofadmissionforms"}}, {"model": "auth.permission", "pk": 31, "fields": {"name": "Can delete sales of admission forms", "content_type": 8, "codename": "delete_salesofadmissionforms"}}, {"model": "auth.permission", "pk": 32, "fields": {"name": "Can view sales of admission forms", "content_type": 8, "codename": "view_salesofadmissionforms"}}, {"model": "auth.permission", "pk": 33, "fields": {"name": "Can add form type choices model", "content_type": 9, "codename": "add_formtypechoicesmodel"}}, {"model": "auth.permission", "pk": 34, "fields": {"name": "Can change form type choices model", "content_type": 9, "codename": "change_formtypechoicesmodel"}}, {"model": "auth.permission", "pk": 35, "fields": {"name": "Can delete form type choices model", "content_type": 9, "codename": "delete_formtypechoicesmodel"}}, {"model": "auth.permission", "pk": 36, "fields": {"name": "Can view form type choices model", "content_type": 9, "codename": "view_formtypechoicesmodel"}}, {"model": "auth.permission", "pk": 37, "fields": {"name": "Can add student forms", "content_type": 10, "codename": "add_studentforms"}}, {"model": "auth.permission", "pk": 38, "fields": {"name": "Can change student forms", "content_type": 10, "codename": "change_studentforms"}}, {"model": "auth.permission", "pk": 39, "fields": {"name": "Can delete student forms", "content_type": 10, "codename": "delete_studentforms"}}, {"model": "auth.permission", "pk": 40, "fields": {"name": "Can view student forms", "content_type": 10, "codename": "view_studentforms"}}, {"model": "auth.permission", "pk": 41, "fields": {"name": "Can add student", "content_type": 11, "codename": "add_student"}}, {"model": "auth.permission", "pk": 42, "fields": {"name": "Can change student", "content_type": 11, "codename": "change_student"}}, {"model": "auth.permission", "pk": 43, "fields": {"name": "Can delete student", "content_type": 11, "codename": "delete_student"}}, {"model": "auth.permission", "pk": 44, "fields": {"name": "Can view student", "content_type": 11, "codename": "view_student"}}, {"model": "auth.permission", "pk": 45, "fields": {"name": "Can add employment history model", "content_type": 12, "codename": "add_employmenthistorymodel"}}, {"model": "auth.permission", "pk": 46, "fields": {"name": "Can change employment history model", "content_type": 12, "codename": "change_employmenthistorymodel"}}, {"model": "auth.permission", "pk": 47, "fields": {"name": "Can delete employment history model", "content_type": 12, "codename": "delete_employmenthistorymodel"}}, {"model": "auth.permission", "pk": 48, "fields": {"name": "Can view employment history model", "content_type": 12, "codename": "view_employmenthistorymodel"}}, {"model": "auth.permission", "pk": 49, "fields": {"name": "Can add Student Sponsor", "content_type": 13, "codename": "add_studentsponsor"}}, {"model": "auth.permission", "pk": 50, "fields": {"name": "Can change Student Sponsor", "content_type": 13, "codename": "change_studentsponsor"}}, {"model": "auth.permission", "pk": 51, "fields": {"name": "Can delete Student Sponsor", "content_type": 13, "codename": "delete_studentsponsor"}}, {"model": "auth.permission", "pk": 52, "fields": {"name": "Can view Student Sponsor", "content_type": 13, "codename": "view_studentsponsor"}}, {"model": "auth.permission", "pk": 53, "fields": {"name": "Can add Faculty", "content_type": 14, "codename": "add_faculty"}}, {"model": "auth.permission", "pk": 54, "fields": {"name": "Can change Faculty", "content_type": 14, "codename": "change_faculty"}}, {"model": "auth.permission", "pk": 55, "fields": {"name": "Can delete Faculty", "content_type": 14, "codename": "delete_faculty"}}, {"model": "auth.permission", "pk": 56, "fields": {"name": "Can view Faculty", "content_type": 14, "codename": "view_faculty"}}, {"model": "auth.permission", "pk": 57, "fields": {"name": "Can add department", "content_type": 15, "codename": "add_department"}}, {"model": "auth.permission", "pk": 58, "fields": {"name": "Can change department", "content_type": 15, "codename": "change_department"}}, {"model": "auth.permission", "pk": 59, "fields": {"name": "Can delete department", "content_type": 15, "codename": "delete_department"}}, {"model": "auth.permission", "pk": 60, "fields": {"name": "Can view department", "content_type": 15, "codename": "view_department"}}, {"model": "auth.permission", "pk": 61, "fields": {"name": "Can add programme", "content_type": 16, "codename": "add_programme"}}, {"model": "auth.permission", "pk": 62, "fields": {"name": "Can change programme", "content_type": 16, "codename": "change_programme"}}, {"model": "auth.permission", "pk": 63, "fields": {"name": "Can delete programme", "content_type": 16, "codename": "delete_programme"}}, {"model": "auth.permission", "pk": 64, "fields": {"name": "Can view programme", "content_type": 16, "codename": "view_programme"}}, {"model": "auth.permission", "pk": 65, "fields": {"name": "Can add student programme choice", "content_type": 17, "codename": "add_studentprogrammechoice"}}, {"model": "auth.permission", "pk": 66, "fields": {"name": "Can change student programme choice", "content_type": 17, "codename": "change_studentprogrammechoice"}}, {"model": "auth.permission", "pk": 67, "fields": {"name": "Can delete student programme choice", "content_type": 17, "codename": "delete_studentprogrammechoice"}}, {"model": "auth.permission", "pk": 68, "fields": {"name": "Can view student programme choice", "content_type": 17, "codename": "view_studentprogrammechoice"}}, {"model": "auth.permission", "pk": 69, "fields": {"name": "Can add admission certificate", "content_type": 18, "codename": "add_admissioncertificate"}}, {"model": "auth.permission", "pk": 70, "fields": {"name": "Can change admission certificate", "content_type": 18, "codename": "change_admissioncertificate"}}, {"model": "auth.permission", "pk": 71, "fields": {"name": "Can delete admission certificate", "content_type": 18, "codename": "delete_admissioncertificate"}}, {"model": "auth.permission", "pk": 72, "fields": {"name": "Can view admission certificate", "content_type": 18, "codename": "view_admissioncertificate"}}, {"model": "auth.permission", "pk": 73, "fields": {"name": "Can add cert exam record", "content_type": 19, "codename": "add_certexamrecord"}}, {"model": "auth.permission", "pk": 74, "fields": {"name": "Can change cert exam record", "content_type": 19, "codename": "change_certexamrecord"}}, {"model": "auth.permission", "pk": 75, "fields": {"name": "Can delete cert exam record", "content_type": 19, "codename": "delete_certexamrecord"}}, {"model": "auth.permission", "pk": 76, "fields": {"name": "Can view cert exam record", "content_type": 19, "codename": "view_certexamrecord"}}, {"model": "auth.permission", "pk": 77, "fields": {"name": "Can add student previous education", "content_type": 20, "codename": "add_studentpreviouseducation"}}, {"model": "auth.permission", "pk": 78, "fields": {"name": "Can change student previous education", "content_type": 20, "codename": "change_studentpreviouseducation"}}, {"model": "auth.permission", "pk": 79, "fields": {"name": "Can delete student previous education", "content_type": 20, "codename": "delete_studentpreviouseducation"}}, {"model": "auth.permission", "pk": 80, "fields": {"name": "Can view student previous education", "content_type": 20, "codename": "view_studentpreviouseducation"}}, {"model": "auth.permission", "pk": 81, "fields": {"name": "can audit student admission form", "content_type": 10, "codename": "can_audit_admission_form"}}, {"model": "auth.permission", "pk": 82, "fields": {"name": "view student admission form detail", "content_type": 10, "codename": "view_studentform_detail"}}, {"model": "auth.permission", "pk": 83, "fields": {"name": "can reject student admission form", "content_type": 10, "codename": "can_reject_studentform"}}, {"model": "auth.permission", "pk": 84, "fields": {"name": "can accept student admission form", "content_type": 10, "codename": "can_accept_studentform"}}, {"model": "auth.group", "pk": 2, "fields": {"name": "student admission", "permissions": [25, 26, 45, 46, 64, 49, 50, 73, 74, 44, 77, 78]}}, {"model": "contenttypes.contenttype", "pk": 1, "fields": {"app_label": "admin", "model": "logentry"}}, {"model": "contenttypes.contenttype", "pk": 2, "fields": {"app_label": "auth", "model": "permission"}}, {"model": "contenttypes.contenttype", "pk": 3, "fields": {"app_label": "auth", "model": "group"}}, {"model": "contenttypes.contenttype", "pk": 4, "fields": {"app_label": "contenttypes", "model": "contenttype"}}, {"model": "contenttypes.contenttype", "pk": 5, "fields": {"app_label": "sessions", "model": "session"}}, {"model": "contenttypes.contenttype", "pk": 6, "fields": {"app_label": "accounts", "model": "user"}}, {"model": "contenttypes.contenttype", "pk": 7, "fields": {"app_label": "address", "model": "address"}}, {"model": "contenttypes.contenttype", "pk": 8, "fields": {"app_label": "admission", "model": "salesofadmissionforms"}}, {"model": "contenttypes.contenttype", "pk": 9, "fields": {"app_label": "admission", "model": "formtypechoicesmodel"}}, {"model": "contenttypes.contenttype", "pk": 10, "fields": {"app_label": "admission", "model": "studentforms"}}, {"model": "contenttypes.contenttype", "pk": 11, "fields": {"app_label": "student", "model": "student"}}, {"model": "contenttypes.contenttype", "pk": 12, "fields": {"app_label": "empoymentHistory", "model": "employmenthistorymodel"}}, {"model": "contenttypes.contenttype", "pk": 13, "fields": {"app_label": "sponsor", "model": "studentsponsor"}}, {"model": "contenttypes.contenttype", "pk": 14, "fields": {"app_label": "faculty", "model": "faculty"}}, {"model": "contenttypes.contenttype", "pk": 15, "fields": {"app_label": "department", "model": "department"}}, {"model": "contenttypes.contenttype", "pk": 16, "fields": {"app_label": "programme", "model": "programme"}}, {"model": "contenttypes.contenttype", "pk": 17, "fields": {"app_label": "student", "model": "studentprogrammechoice"}}, {"model": "contenttypes.contenttype", "pk": 18, "fields": {"app_label": "student", "model": "admissioncertificate"}}, {"model": "contenttypes.contenttype", "pk": 19, "fields": {"app_label": "student", "model": "certexamrecord"}}, {"model": "contenttypes.contenttype", "pk": 20, "fields": {"app_label": "student", "model": "studentpreviouseducation"}}, {"model": "sessions.session", "pk": "0hq8fc8y7lsz4bbrgzfu68ukppgxcwd5", "fields": {"session_data": ".eJxVjEEOwiAQRe_C2hCgUMCle89AZoZBqoYmpV0Z765NutDtf-_9l0iwrTVtnZc0ZXEWWpx-NwR6cNtBvkO7zZLmti4Tyl2RB-3yOmd-Xg7376BCr9-aYiRiUwwU9DBCyRBQGwIXNBdkUE55ywN6hcQcC8CobbADKc0uknh_AC6vOXE:1moi6g:5ZqQOR_93xohymWTrnQNXR1J591wpJptZ6FA4bEFD0o", "expire_date": "2021-12-05T08:21:50.214Z"}}, {"model": "sessions.session", "pk": "3quwbl3plzw3dhu837awj5d1qnqr5cn3", "fields": {"session_data": ".eJxVjEEOwiAQRe_C2hCgUMCle89AZoZBqoYmpV0Z765NutDtf-_9l0iwrTVtnZc0ZXEWWpx-NwR6cNtBvkO7zZLmti4Tyl2RB-3yOmd-Xg7376BCr9-aYiRiUwwU9DBCyRBQGwIXNBdkUE55ywN6hcQcC8CobbADKc0uknh_AC6vOXE:1mgP8D:Ejm4tK7oBds9viDx2ycvheJ8aFjfW0o1KSdQEpeNRgc", "expire_date": "2021-11-12T10:29:05.180Z"}}, {"model": "sessions.session", "pk": "42b5zefp9qubfjxvlywc3nb2xulr49ic", "fields": {"session_data": ".eJxVjEEOwiAQRe_C2hCgUMCle89AZoZBqoYmpV0Z765NutDtf-_9l0iwrTVtnZc0ZXEWWpx-NwR6cNtBvkO7zZLmti4Tyl2RB-3yOmd-Xg7376BCr9-aYiRiUwwU9DBCyRBQGwIXNBdkUE55ywN6hcQcC8CobbADKc0uknh_AC6vOXE:1mjGvo:_1XJ44X8Y0pcEPAZdyVY6P-CrDvWwjZi6R7UG4_DBLw", "expire_date": "2021-11-20T08:20:08.438Z"}}, {"model": "sessions.session", "pk": "46xkudh7iid4p6x3150esoil50egbycm", "fields": {"session_data": ".eJxVjEEOwiAQRe_C2hCgUMCle89AZoZBqoYmpV0Z765NutDtf-_9l0iwrTVtnZc0ZXEWWpx-NwR6cNtBvkO7zZLmti4Tyl2RB-3yOmd-Xg7376BCr9-aYiRiUwwU9DBCyRBQGwIXNBdkUE55ywN6hcQcC8CobbADKc0uknh_AC6vOXE:1mfgjj:GU-Ek0mbzg3Hl4_xvyjqhka4RCHo2uh2yr8ghBG9cBI", "expire_date": "2021-11-10T11:04:51.915Z"}}, {"model": "sessions.session", "pk": "4c5vhk7hakw5eaxid78zhfjq9yzidd5t", "fields": {"session_data": ".eJxVjEEOwiAQRe_C2hCgUMCle89AZoZBqoYmpV0Z765NutDtf-_9l0iwrTVtnZc0ZXEWWpx-NwR6cNtBvkO7zZLmti4Tyl2RB-3yOmd-Xg7376BCr9-aYiRiUwwU9DBCyRBQGwIXNBdkUE55ywN6hcQcC8CobbADKc0uknh_AC6vOXE:1mnn1O:zQen9ejdh1uuj4IOQrxvsMmzcpor4fpUBSTkGMVLpvM", "expire_date": "2021-12-02T19:24:34.955Z"}}, {"model": "sessions.session", "pk": "51pwrk0pqxnrzg4bgr5fvdliokp6f4ze", "fields": {"session_data": ".eJxVjEEOwiAQRe_C2hCgUMCle89AZoZBqoYmpV0Z765NutDtf-_9l0iwrTVtnZc0ZXEWWpx-NwR6cNtBvkO7zZLmti4Tyl2RB-3yOmd-Xg7376BCr9-aYiRiUwwU9DBCyRBQGwIXNBdkUE55ywN6hcQcC8CobbADKc0uknh_AC6vOXE:1mcAJe:hlokZ4IAkPxU8Y4Ggs0kQxCs-wLXZ_uafHhbwEy5_yE", "expire_date": "2021-10-31T17:51:22.066Z"}}, {"model": "sessions.session", "pk": "60rbi8hbbwdej8cs1m6r9duwe1zswazz", "fields": {"session_data": ".eJxVjEEOwiAQRe_C2hCgUMCle89AZoZBqoYmpV0Z765NutDtf-_9l0iwrTVtnZc0ZXEWWpx-NwR6cNtBvkO7zZLmti4Tyl2RB-3yOmd-Xg7376BCr9-aYiRiUwwU9DBCyRBQGwIXNBdkUE55ywN6hcQcC8CobbADKc0uknh_AC6vOXE:1miiBX:IdtzANseJY-YOszn7Ny3O8jURL_tWPMcbc97M7BUbYQ", "expire_date": "2021-11-18T19:14:03.400Z"}}, {"model": "sessions.session", "pk": "63pxt52q36bgvqekbmt3qj3bdy6nl6bf", "fields": {"session_data": ".eJxVjEEOwiAQRe_C2hCgUMCle89AZoZBqoYmpV0Z765NutDtf-_9l0iwrTVtnZc0ZXEWWpx-NwR6cNtBvkO7zZLmti4Tyl2RB-3yOmd-Xg7376BCr9-aYiRiUwwU9DBCyRBQGwIXNBdkUE55ywN6hcQcC8CobbADKc0uknh_AC6vOXE:1mfxed:RwUP4te5GHrg3Nx-_r7pGyNMw--3HHJTwRfg9Rexyeg", "expire_date": "2021-11-11T05:08:43.234Z"}}, {"model": "sessions.session", "pk": "6u7b4rzqi7x99vxf5x6fosmd2qrbkids", "fields": {"session_data": ".eJxVjEEOwiAQRe_C2hCgUMCle89AZoZBqoYmpV0Z765NutDtf-_9l0iwrTVtnZc0ZXEWWpx-NwR6cNtBvkO7zZLmti4Tyl2RB-3yOmd-Xg7376BCr9-aYiRiUwwU9DBCyRBQGwIXNBdkUE55ywN6hcQcC8CobbADKc0uknh_AC6vOXE:1mcnIC:sxD0IZqeUnja1tJIRnRi3AM9wSEYSBxN_Ix_yeBOqbk", "expire_date": "2021-11-02T11:28:28.072Z"}}, {"model": "sessions.session", "pk": "8zr553wy5mizkwbxqiiv8lh4h7dk5tf2", "fields": {"session_data": ".eJxVjDsOwjAQBe_iGlnyL96lpOcM1nq9wQHkSHFSIe4OkVJA-2bmvVSiba1p67Kkqaizcur0u2Xih7QdlDu126x5busyZb0r-qBdX-ciz8vh_h1U6vVbj5mDOBRCA8aDIBoMRqJ4sMBiDRUIJSL6IZK1LBKcILkBIbP1o3p_AONJN9I:1mdHtS:gZJkIs3dptVv2zl7DfTiykwtAlREjVrOYO4jwoiZr_o", "expire_date": "2021-11-03T20:08:58.525Z"}}, {"model": "sessions.session", "pk": "9tb21y4bfpow3lqvaenrre1ni3stfbtk", "fields": {"session_data": ".eJxVjDsOwjAQBe_iGlnyL96lpOcM1nq9wQHkSHFSIe4OkVJA-2bmvVSiba1p67Kkqaizcur0u2Xih7QdlDu126x5busyZb0r-qBdX-ciz8vh_h1U6vVbj5mDOBRCA8aDIBoMRqJ4sMBiDRUIJSL6IZK1LBKcILkBIbP1o3p_AONJN9I:1miDKk:TTzpjFK69BYpv--uMHZxbhsQR8zvg5CV5Jyzo-S7ges", "expire_date": "2021-11-17T10:17:30.567Z"}}, {"model": "sessions.session", "pk": "a0c2ku0bmporcmsyfv0i81fmyht6vskn", "fields": {"session_data": ".eJxVjEEOwiAQRe_C2hCgUMCle89AZoZBqoYmpV0Z765NutDtf-_9l0iwrTVtnZc0ZXEWWpx-NwR6cNtBvkO7zZLmti4Tyl2RB-3yOmd-Xg7376BCr9-aYiRiUwwU9DBCyRBQGwIXNBdkUE55ywN6hcQcC8CobbADKc0uknh_AC6vOXE:1mdveQ:qHVx0k1V6ePazq-BR_xldXUt3AZhmnMfsSrMFAVy5n0", "expire_date": "2021-11-05T14:36:06.671Z"}}, {"model": "sessions.session", "pk": "ahr0k7y2jbuu51ipjlisy7fspcrjuegd", "fields": {"session_data": ".eJxVjEEOwiAQRe_C2hCgUMCle89AZoZBqoYmpV0Z765NutDtf-_9l0iwrTVtnZc0ZXEWWpx-NwR6cNtBvkO7zZLmti4Tyl2RB-3yOmd-Xg7376BCr9-aYiRiUwwU9DBCyRBQGwIXNBdkUE55ywN6hcQcC8CobbADKc0uknh_AC6vOXE:1mk7a6:h9hndYZ_foon_tNL416JOitwSTBZak-vBH5cV-6yhsE", "expire_date": "2021-11-22T16:33:14.606Z"}}, {"model": "sessions.session", "pk": "altantpxr1bsnvcknnst9no6bpv422qu", "fields": {"session_data": ".eJxVjEEOwiAQRe_C2hCgUMCle89AZoZBqoYmpV0Z765NutDtf-_9l0iwrTVtnZc0ZXEWWpx-NwR6cNtBvkO7zZLmti4Tyl2RB-3yOmd-Xg7376BCr9-aYiRiUwwU9DBCyRBQGwIXNBdkUE55ywN6hcQcC8CobbADKc0uknh_AC6vOXE:1mcNAN:IhhnMvf1tqnJ7kI2rBTavMXAVN1zmbK7qDzj4bdPJAc", "expire_date": "2021-11-01T07:34:39.423Z"}}, {"model": "sessions.session", "pk": "becntugou2lt233e365b95ixlkmfimmd", "fields": {"session_data": ".eJxVjDsOwjAQBe_iGlnyL96lpOcM1nq9wQHkSHFSIe4OkVJA-2bmvVSiba1p67Kkqaizcur0u2Xih7QdlDu126x5busyZb0r-qBdX-ciz8vh_h1U6vVbj5mDOBRCA8aDIBoMRqJ4sMBiDRUIJSL6IZK1LBKcILkBIbP1o3p_AONJN9I:1md5NF:5Lm6Gmt0TajFq3lya1rgF2yOFc1lPe7XE7RxVA8211g", "expire_date": "2021-11-03T06:46:53.243Z"}}, {"model": "sessions.session", "pk": "cpfm8750tgp1jb1yj0fhi0kagklk9ix9", "fields": {"session_data": ".eJxVjEEOwiAQRe_C2hCgUMCle89AZoZBqoYmpV0Z765NutDtf-_9l0iwrTVtnZc0ZXEWWpx-NwR6cNtBvkO7zZLmti4Tyl2RB-3yOmd-Xg7376BCr9-aYiRiUwwU9DBCyRBQGwIXNBdkUE55ywN6hcQcC8CobbADKc0uknh_AC6vOXE:1ma4in:eth7pyzorz9Aail-ARvgF1ZNAujg5lzUT07_bsDdrEQ", "expire_date": "2021-10-25T23:28:41.989Z"}}, {"model": "sessions.session", "pk": "e8tasfjgcblrxoeouyijvuppav7joz1h", "fields": {"session_data": ".eJxVjEEOwiAQRe_C2hCgUMCle89AZoZBqoYmpV0Z765NutDtf-_9l0iwrTVtnZc0ZXEWWpx-NwR6cNtBvkO7zZLmti4Tyl2RB-3yOmd-Xg7376BCr9-aYiRiUwwU9DBCyRBQGwIXNBdkUE55ywN6hcQcC8CobbADKc0uknh_AC6vOXE:1mfgPn:b2jadAeTqF_aAbk44JxC2AlwQwpLLOnnJ7mSFX1CA5U", "expire_date": "2021-11-10T10:44:15.666Z"}}, {"model": "sessions.session", "pk": "enxql6kq3hog7bv2nwturr1344ypks0f", "fields": {"session_data": ".eJxVjEEOwiAQRe_C2hCgUMCle89AZoZBqoYmpV0Z765NutDtf-_9l0iwrTVtnZc0ZXEWWpx-NwR6cNtBvkO7zZLmti4Tyl2RB-3yOmd-Xg7376BCr9-aYiRiUwwU9DBCyRBQGwIXNBdkUE55ywN6hcQcC8CobbADKc0uknh_AC6vOXE:1mp8NB:QjVkaTvj6sP9HZYOg4afAEWHOX3DGkHAD1-MFlA4Fq4", "expire_date": "2021-12-06T12:24:37.874Z"}}, {"model": "sessions.session", "pk": "fgb44r8a73ex2b8fjxnwzewp2svu59vy", "fields": {"session_data": ".eJxVjDsOwjAQBe_iGlnyL96lpOcM1nq9wQHkSHFSIe4OkVJA-2bmvVSiba1p67Kkqaizcur0u2Xih7QdlDu126x5busyZb0r-qBdX-ciz8vh_h1U6vVbj5mDOBRCA8aDIBoMRqJ4sMBiDRUIJSL6IZK1LBKcILkBIbP1o3p_AONJN9I:1mjIhb:gK-E-Il9uXqRT6zKn9poqUCC03yFfJXAWKWQplHEaZo", "expire_date": "2021-11-20T10:13:35.691Z"}}, {"model": "sessions.session", "pk": "gjx7dyfgxplg6mo92b41du0zjofofh70", "fields": {"session_data": ".eJxVjEEOwiAQRe_C2hCgUMCle89AZoZBqoYmpV0Z765NutDtf-_9l0iwrTVtnZc0ZXEWWpx-NwR6cNtBvkO7zZLmti4Tyl2RB-3yOmd-Xg7376BCr9-aYiRiUwwU9DBCyRBQGwIXNBdkUE55ywN6hcQcC8CobbADKc0uknh_AC6vOXE:1mnM7K:hv37Py6IK1ARdb9g7y4BpCaqJSUQithFlvLmAfrr_HY", "expire_date": "2021-12-01T14:40:54.166Z"}}, {"model": "sessions.session", "pk": "h0bux9a4ok69ovztaloldmv7crythhw4", "fields": {"session_data": ".eJxVjEEOwiAQRe_C2hCgUMCle89AZoZBqoYmpV0Z765NutDtf-_9l0iwrTVtnZc0ZXEWWpx-NwR6cNtBvkO7zZLmti4Tyl2RB-3yOmd-Xg7376BCr9-aYiRiUwwU9DBCyRBQGwIXNBdkUE55ywN6hcQcC8CobbADKc0uknh_AC6vOXE:1miG7i:m1Jqzg09nKLxZJzDrXMLNdSKGxbDLrnxstE-6V10QJE", "expire_date": "2021-11-17T13:16:14.763Z"}}, {"model": "sessions.session", "pk": "hggc0udphmmsn0egm0ezdehpay3vpjcl", "fields": {"session_data": ".eJxVjDsOwjAQBe_iGlnyL96lpOcM1nq9wQHkSHFSIe4OkVJA-2bmvVSiba1p67Kkqaizcur0u2Xih7QdlDu126x5busyZb0r-qBdX-ciz8vh_h1U6vVbj5mDOBRCA8aDIBoMRqJ4sMBiDRUIJSL6IZK1LBKcILkBIbP1o3p_AONJN9I:1mcnT4:i1lMRJo0kzvKrgyoR8bB6Wzji-oxvOq0q595z57HGLs", "expire_date": "2021-11-02T11:39:42.019Z"}}, {"model": "sessions.session", "pk": "hu0sm27zt0weh1el3ue9r5e7w37ax986", "fields": {"session_data": ".eJxVjEEOwiAQRe_C2hCgUMCle89AZoZBqoYmpV0Z765NutDtf-_9l0iwrTVtnZc0ZXEWWpx-NwR6cNtBvkO7zZLmti4Tyl2RB-3yOmd-Xg7376BCr9-aYiRiUwwU9DBCyRBQGwIXNBdkUE55ywN6hcQcC8CobbADKc0uknh_AC6vOXE:1meKVd:ElMkku0be5ObawPgpxFtjvjA2mup7jWckdgCd15-b9A", "expire_date": "2021-11-06T17:08:41.005Z"}}, {"model": "sessions.session", "pk": "i6qxi8y35wdg1znv2q3vakp89k2hz3va", "fields": {"session_data": ".eJxVjEEOwiAQRe_C2hCgUMCle89AZoZBqoYmpV0Z765NutDtf-_9l0iwrTVtnZc0ZXEWWpx-NwR6cNtBvkO7zZLmti4Tyl2RB-3yOmd-Xg7376BCr9-aYiRiUwwU9DBCyRBQGwIXNBdkUE55ywN6hcQcC8CobbADKc0uknh_AC6vOXE:1mfkmX:wcy49mmBsApOV6NqRYom_xHFPUtxdG_g2HYeN6wkdNU", "expire_date": "2021-11-10T15:24:01.794Z"}}, {"model": "sessions.session", "pk": "ihqlz9zpea7b4m3l9mp9mkfpkbl7gzfc", "fields": {"session_data": ".eJxVjDsOwjAQBe_iGlnyL96lpOcM1nq9wQHkSHFSIe4OkVJA-2bmvVSiba1p67Kkqaizcur0u2Xih7QdlDu126x5busyZb0r-qBdX-ciz8vh_h1U6vVbj5mDOBRCA8aDIBoMRqJ4sMBiDRUIJSL6IZK1LBKcILkBIbP1o3p_AONJN9I:1mo4pH:cDIhJEMjmHlk399hIbRcHrg0sWQGpEs2EjtF8FWASwI", "expire_date": "2021-12-03T14:25:15.313Z"}}, {"model": "sessions.session", "pk": "imbqnyw10mmoktjalsqr2t48uj11w6kd", "fields": {"session_data": ".eJxVjDsOwjAQBe_iGlnyL96lpOcM1nq9wQHkSHFSIe4OkVJA-2bmvVSiba1p67Kkqaizcur0u2Xih7QdlDu126x5busyZb0r-qBdX-ciz8vh_h1U6vVbj5mDOBRCA8aDIBoMRqJ4sMBiDRUIJSL6IZK1LBKcILkBIbP1o3p_AONJN9I:1mg2ry:JE58wYmAbQ-Rpa3K6LsTZOGmqSY99wO23t5IDEa5RFA", "expire_date": "2021-11-11T10:42:50.025Z"}}, {"model": "sessions.session", "pk": "ir4vn6j73hx07teo59y2wku8u1j8phr6", "fields": {"session_data": ".eJxVjDsOwjAQBe_iGlnyL96lpOcM1nq9wQHkSHFSIe4OkVJA-2bmvVSiba1p67Kkqaizcur0u2Xih7QdlDu126x5busyZb0r-qBdX-ciz8vh_h1U6vVbj5mDOBRCA8aDIBoMRqJ4sMBiDRUIJSL6IZK1LBKcILkBIbP1o3p_AONJN9I:1mgy9A:96FmUQkAHLSAA2N-f-qzWv9r6omqxLUepp7O4hLao0A", "expire_date": "2021-11-13T23:52:24.823Z"}}, {"model": "sessions.session", "pk": "izybfllfo3487vge7jxta5cb9c02kamm", "fields": {"session_data": ".eJxVjDsOwjAQBe_iGlnyL96lpOcM1nq9wQHkSHFSIe4OkVJA-2bmvVSiba1p67Kkqaizcur0u2Xih7QdlDu126x5busyZb0r-qBdX-ciz8vh_h1U6vVbj5mDOBRCA8aDIBoMRqJ4sMBiDRUIJSL6IZK1LBKcILkBIbP1o3p_AONJN9I:1mgDHB:M2fm8FbwTIQUotRmcpKdRs_QcdufCdaj4noEF99qQbk", "expire_date": "2021-11-11T21:49:33.407Z"}}, {"model": "sessions.session", "pk": "jmyoa1tpolevumxfxila3nhk0xkkc3bc", "fields": {"session_data": ".eJxVjEEOwiAQRe_C2hCgUMCle89AZoZBqoYmpV0Z765NutDtf-_9l0iwrTVtnZc0ZXEWWpx-NwR6cNtBvkO7zZLmti4Tyl2RB-3yOmd-Xg7376BCr9-aYiRiUwwU9DBCyRBQGwIXNBdkUE55ywN6hcQcC8CobbADKc0uknh_AC6vOXE:1moJlt:VDdtD65ucvLKpxc61a0eQb3LD28DgqpWu__pPyPYiYs", "expire_date": "2021-12-04T06:22:45.236Z"}}, {"model": "sessions.session", "pk": "jyp7l37d273omv4ir5j074yz2u9qlq2t", "fields": {"session_data": ".eJxVjEEOwiAQRe_C2hCgUMCle89AZoZBqoYmpV0Z765NutDtf-_9l0iwrTVtnZc0ZXEWWpx-NwR6cNtBvkO7zZLmti4Tyl2RB-3yOmd-Xg7376BCr9-aYiRiUwwU9DBCyRBQGwIXNBdkUE55ywN6hcQcC8CobbADKc0uknh_AC6vOXE:1meL48:yrfdvCqDom_dq2QrhLRdGspjSVKELMABXZupIxrwWhU", "expire_date": "2021-11-06T17:44:20.368Z"}}, {"model": "sessions.session", "pk": "lskxr83w28n7b7m5b5aw59tid6crl3va", "fields": {"session_data": ".eJxVjEEOwiAQRe_C2hCgUMCle89AZoZBqoYmpV0Z765NutDtf-_9l0iwrTVtnZc0ZXEWWpx-NwR6cNtBvkO7zZLmti4Tyl2RB-3yOmd-Xg7376BCr9-aYiRiUwwU9DBCyRBQGwIXNBdkUE55ywN6hcQcC8CobbADKc0uknh_AC6vOXE:1mny4G:BWseDqY7nKpxwAt7yv474kRXBkInixSjCeB1OiJIUK8", "expire_date": "2021-12-03T07:12:16.491Z"}}, {"model": "sessions.session", "pk": "mt0m02oc6t4cr12wyxnm3g3doypinbx7", "fields": {"session_data": ".eJxVjEEOwiAQRe_C2hCgUMCle89AZoZBqoYmpV0Z765NutDtf-_9l0iwrTVtnZc0ZXEWWpx-NwR6cNtBvkO7zZLmti4Tyl2RB-3yOmd-Xg7376BCr9-aYiRiUwwU9DBCyRBQGwIXNBdkUE55ywN6hcQcC8CobbADKc0uknh_AC6vOXE:1mdifD:9o_clurgKkRC0JjcrWX2VRUuQ4QBXTcCzSFDH7kSvc4", "expire_date": "2021-11-05T00:44:03.792Z"}}, {"model": "sessions.session", "pk": "oc0gxed4crf7qugtgkps1snjcdppea6c", "fields": {"session_data": ".eJxVjDsOwjAQBe_iGlnyL96lpOcM1nq9wQHkSHFSIe4OkVJA-2bmvVSiba1p67Kkqaizcur0u2Xih7QdlDu126x5busyZb0r-qBdX-ciz8vh_h1U6vVbj5mDOBRCA8aDIBoMRqJ4sMBiDRUIJSL6IZK1LBKcILkBIbP1o3p_AONJN9I:1miiSG:aZiNBRBBOf7KB0c4G19ZLiIiVt7Z2-JL7u6Fohg7w4A", "expire_date": "2021-11-18T19:31:20.775Z"}}, {"model": "sessions.session", "pk": "q4pdz80v9grwbydetprxgertfu5qx7k9", "fields": {"session_data": ".eJxVjEEOwiAQRe_C2hCgUMCle89AZoZBqoYmpV0Z765NutDtf-_9l0iwrTVtnZc0ZXEWWpx-NwR6cNtBvkO7zZLmti4Tyl2RB-3yOmd-Xg7376BCr9-aYiRiUwwU9DBCyRBQGwIXNBdkUE55ywN6hcQcC8CobbADKc0uknh_AC6vOXE:1mp80U:-CN7kjYymxP2M9or354OBorzvasOqRmX8z1Xwn1yaDo", "expire_date": "2021-12-06T12:01:10.569Z"}}, {"model": "sessions.session", "pk": "qiing0w0z6aipbvzcrhrz9iq32buzbpk", "fields": {"session_data": ".eJxVjDsOwjAQBe_iGlnyL96lpOcM1nq9wQHkSHFSIe4OkVJA-2bmvVSiba1p67Kkqaizcur0u2Xih7QdlDu126x5busyZb0r-qBdX-ciz8vh_h1U6vVbj5mDOBRCA8aDIBoMRqJ4sMBiDRUIJSL6IZK1LBKcILkBIbP1o3p_AONJN9I:1mgpey:obIn7HpQTuCEjSGpkcqK1CMogdZw3rVne1pwnFXYFhA", "expire_date": "2021-11-13T14:48:40.930Z"}}, {"model": "sessions.session", "pk": "qiy294kb2fb7ctc22iy987xkxj2x90t3", "fields": {"session_data": ".eJxVjDsOwjAQBe_iGlnyL96lpOcM1nq9wQHkSHFSIe4OkVJA-2bmvVSiba1p67Kkqaizcur0u2Xih7QdlDu126x5busyZb0r-qBdX-ciz8vh_h1U6vVbj5mDOBRCA8aDIBoMRqJ4sMBiDRUIJSL6IZK1LBKcILkBIbP1o3p_AONJN9I:1mo0o1:mk7ufGg9W1qRjcQENjvcQwuNAHRV9uMbhlynf4DLI-o", "expire_date": "2021-12-03T10:07:41.795Z"}}, {"model": "sessions.session", "pk": "qsirtsu7u5dcfdk6y4awbun2hrtmn2ze", "fields": {"session_data": ".eJxVjEEOwiAQRe_C2hCgUMCle89AZoZBqoYmpV0Z765NutDtf-_9l0iwrTVtnZc0ZXEWWpx-NwR6cNtBvkO7zZLmti4Tyl2RB-3yOmd-Xg7376BCr9-aYiRiUwwU9DBCyRBQGwIXNBdkUE55ywN6hcQcC8CobbADKc0uknh_AC6vOXE:1mgjt7:UPZjH8jPRSiMjcNBtZZ-VokzLovGNx1CxpGA01H4qrk", "expire_date": "2021-11-13T08:38:53.083Z"}}, {"model": "sessions.session", "pk": "r3l7snk77afj1sp3pgr9i8nou9g8mnil", "fields": {"session_data": ".eJxVjDsOwjAQBe_iGlnyL96lpOcM1nq9wQHkSHFSIe4OkVJA-2bmvVSiba1p67Kkqaizcur0u2Xih7QdlDu126x5busyZb0r-qBdX-ciz8vh_h1U6vVbj5mDOBRCA8aDIBoMRqJ4sMBiDRUIJSL6IZK1LBKcILkBIbP1o3p_AONJN9I:1mny4p:HhQrBc_JjPab342kMZxaL_X_NpAk8-kYyKPLU1TyysA", "expire_date": "2021-12-03T07:12:51.161Z"}}, {"model": "sessions.session", "pk": "rfr6y5c44h5skv3dbwyjwsgtxs4wlv99", "fields": {"session_data": ".eJxVjEEOwiAQRe_C2hCgUMCle89AZoZBqoYmpV0Z765NutDtf-_9l0iwrTVtnZc0ZXEWWpx-NwR6cNtBvkO7zZLmti4Tyl2RB-3yOmd-Xg7376BCr9-aYiRiUwwU9DBCyRBQGwIXNBdkUE55ywN6hcQcC8CobbADKc0uknh_AC6vOXE:1mpQ6A:OcAnl6fGPXrZ1RjdFShof4_FZA6zmzeRJ061KkfomGE", "expire_date": "2021-12-07T07:20:14.269Z"}}, {"model": "sessions.session", "pk": "t3q1f06wuttkh97s2392rx1hdj98i9bq", "fields": {"session_data": ".eJxVjEEOwiAQRe_C2hCgUMCle89AZoZBqoYmpV0Z765NutDtf-_9l0iwrTVtnZc0ZXEWWpx-NwR6cNtBvkO7zZLmti4Tyl2RB-3yOmd-Xg7376BCr9-aYiRiUwwU9DBCyRBQGwIXNBdkUE55ywN6hcQcC8CobbADKc0uknh_AC6vOXE:1mdyvh:AhbN-ZjOtP-YfxzoIJiwiAiC-K9GsF9OwNA7My7XmXI", "expire_date": "2021-11-05T18:06:09.012Z"}}, {"model": "sessions.session", "pk": "w3ysu1oyn8u0q604c4925q8upzu66ert", "fields": {"session_data": ".eJxVjEEOwiAQRe_C2hCgUMCle89AZoZBqoYmpV0Z765NutDtf-_9l0iwrTVtnZc0ZXEWWpx-NwR6cNtBvkO7zZLmti4Tyl2RB-3yOmd-Xg7376BCr9-aYiRiUwwU9DBCyRBQGwIXNBdkUE55ywN6hcQcC8CobbADKc0uknh_AC6vOXE:1meVVU:Y2d0Ys5CHeg_0qZkakJVyP5RoFnIdTxEPzw1oMY2QaM", "expire_date": "2021-11-07T04:53:16.954Z"}}, {"model": "sessions.session", "pk": "xw58omfcolw9xeerzt0lpke2e77k4q46", "fields": {"session_data": ".eJxVjDsOwjAQBe_iGlnyL96lpOcM1nq9wQHkSHFSIe4OkVJA-2bmvVSiba1p67Kkqaizcur0u2Xih7QdlDu126x5busyZb0r-qBdX-ciz8vh_h1U6vVbj5mDOBRCA8aDIBoMRqJ4sMBiDRUIJSL6IZK1LBKcILkBIbP1o3p_AONJN9I:1mcrU1:RLp8w0URciuNoGLaLLlw_FdgNPQfsIyo4u5EndAz85s", "expire_date": "2021-11-02T15:56:57.497Z"}}, {"model": "accounts.user", "pk": 1, "fields": {"password": "pbkdf2_sha256$260000$1H8IjtHo7XYY6AICIhCQ2t$XstgKinhNVvBeTuzodGEk0TtOT3HqNfkNzgXZ7xcGOw=", "last_login": "2021-11-23T07:20:14.171Z", "first_name": "adi", "last_name": "chris", "gender": null, "date_of_birth": null, "email": "adi@gmail.com", "phone_number": "+233245577691", "picture": "", "slug": "adichris", "is_online": true, "is_active": true, "is_admin": false, "is_superuser": true, "timestamp": "2021-11-23T07:20:14.049Z", "identity": "chris", "groups": [], "user_permissions": []}}, {"model": "accounts.user", "pk": 3, "fields": {"password": "", "last_login": "2021-11-19T14:25:14.948Z", "first_name": "Wisdom", "last_name": "Paul", "gender": "m", "date_of_birth": "2000-02-20", "email": "wisdompaul@crs.com", "phone_number": "+447537177369", "picture": "user/profile_picture/None_4EQwuBb.webp", "slug": "wisdompaul", "is_online": true, "is_active": true, "is_admin": false, "is_superuser": false, "timestamp": "2021-11-19T14:25:14.800Z", "identity": "12121212", "groups": [2], "user_permissions": []}}, {"model": "address.address", "pk": 1, "fields": {"country": "GH", "region": "Bono", "district": "Sunyani", "home_town": "GetFund", "address": "Nyhira RM10", "current_region": "Bono", "current_latitude": null, "current_longitude": null, "profile": 3}}, {"model": "admission.formtypechoicesmodel", "pk": 1, "fields": {"title": "DIRECT", "subtitle": "REGULAR", "timestamp": "2021-10-17T17:55:40.069Z"}}, {"model": "admission.formtypechoicesmodel", "pk": 2, "fields": {"title": "Direct", "subtitle": "Weekend", "timestamp": "2021-11-22T14:28:39.620Z"}}, {"model": "admission.studentforms", "pk": 1, "fields": {"serial_number": "12121212", "pin_code": "741852", "form_type": 1, "cost": null, "candidate_name": null, "candidate_phone_number": null, "sales_point": null, "sales_point_location": null, "sales_agent": null, "academic_year": "2020/2021", "timestamp": "2021-10-18T07:55:23.721Z", "updated_at": "2021-11-21T15:58:49.064Z", "status": "submitted", "is_current": true}}, {"model": "admission.studentforms", "pk": 2, "fields": {"serial_number": "ADDD7788", "pin_code": "94545454", "form_type": 1, "cost": null, "candidate_name": null, "candidate_phone_number": null, "sales_point": null, "sales_point_location": null, "sales_agent": null, "academic_year": "2020/2021", "timestamp": "2021-11-20T10:24:17.950Z", "updated_at": "2021-11-20T10:24:18.101Z", "status": "new", "is_current": true}}, {"model": "admission.studentforms", "pk": 3, "fields": {"serial_number": "ADDI7788", "pin_code": "ADDI7788", "form_type": 1, "cost": null, "candidate_name": null, "candidate_phone_number": null, "sales_point": null, "sales_point_location": null, "sales_agent": null, "academic_year": "2019/2020", "timestamp": "2021-11-21T16:10:27.215Z", "updated_at": "2021-11-21T16:10:27.440Z", "status": "new", "is_current": true}}, {"model": "admission.studentforms", "pk": 4, "fields": {"serial_number": "SNfMa0", "pin_code": "SE1-1AA", "form_type": 1, "cost": 250, "candidate_name": null, "candidate_phone_number": null, "sales_point": null, "sales_point_location": null, "sales_agent": null, "academic_year": "2020/2021", "timestamp": "2021-11-22T10:58:24.856Z", "updated_at": "2021-11-22T11:46:11.683Z", "status": "new", "is_current": true}}, {"model": "admission.studentforms", "pk": 5, "fields": {"serial_number": "SNBKc1", "pin_code": "SE151AA", "form_type": 1, "cost": 250, "candidate_name": null, "candidate_phone_number": null, "sales_point": null, "sales_point_location": null, "sales_agent": null, "academic_year": "2020/2021", "timestamp": "2021-11-22T10:58:24.856Z", "updated_at": "2021-11-22T11:52:12.070Z", "status": "new", "is_current": true}}, {"model": "admission.studentforms", "pk": 6, "fields": {"serial_number": "SNzCw0", "pin_code": "", "form_type": 1, "cost": 250, "candidate_name": null, "candidate_phone_number": null, "sales_point": null, "sales_point_location": null, "sales_agent": null, "academic_year": "2020/2021", "timestamp": "2021-11-22T10:59:27.605Z", "updated_at": "2021-11-22T10:59:27.605Z", "status": "new", "is_current": true}}, {"model": "admission.studentforms", "pk": 7, "fields": {"serial_number": "SNQON1", "pin_code": "", "form_type": 1, "cost": 250, "candidate_name": null, "candidate_phone_number": null, "sales_point": null, "sales_point_location": null, "sales_agent": null, "academic_year": "2020/2021", "timestamp": "2021-11-22T10:59:27.605Z", "updated_at": "2021-11-22T10:59:27.605Z", "status": "new", "is_current": true}}, {"model": "admission.studentforms", "pk": 8, "fields": {"serial_number": "SNfZU0", "pin_code": "", "form_type": 1, "cost": 250, "candidate_name": null, "candidate_phone_number": null, "sales_point": null, "sales_point_location": null, "sales_agent": null, "academic_year": "2020/2021", "timestamp": "2021-11-22T10:59:57.821Z", "updated_at": "2021-11-22T10:59:57.822Z", "status": "new", "is_current": true}}, {"model": "admission.studentforms", "pk": 9, "fields": {"serial_number": "SNzxr1", "pin_code": "", "form_type": 1, "cost": 250, "candidate_name": null, "candidate_phone_number": null, "sales_point": null, "sales_point_location": null, "sales_agent": null, "academic_year": "2020/2021", "timestamp": "2021-11-22T10:59:57.822Z", "updated_at": "2021-11-22T10:59:57.822Z", "status": "new", "is_current": true}}, {"model": "admission.studentforms", "pk": 10, "fields": {"serial_number": "SNgld0", "pin_code": "R0741PL", "form_type": 1, "cost": null, "candidate_name": null, "candidate_phone_number": null, "sales_point": null, "sales_point_location": null, "sales_agent": null, "academic_year": "2020/2021", "timestamp": "2021-11-22T11:53:30.611Z", "updated_at": "2021-11-22T12:00:23.251Z", "status": "new", "is_current": true}}, {"model": "admission.studentforms", "pk": 11, "fields": {"serial_number": "SNGhR0", "pin_code": "g483H1Wh", "form_type": 1, "cost": 120, "candidate_name": null, "candidate_phone_number": null, "sales_point": null, "sales_point_location": null, "sales_agent": null, "academic_year": "2020/2021", "timestamp": "2021-11-22T11:59:19.849Z", "updated_at": "2021-11-22T11:59:51.280Z", "status": "new", "is_current": true}}, {"model": "admission.studentforms", "pk": 12, "fields": {"serial_number": "SNOMD0", "pin_code": "67zPxV81", "form_type": 1, "cost": 110, "candidate_name": null, "candidate_phone_number": null, "sales_point": null, "sales_point_location": null, "sales_agent": null, "academic_year": "2020/2021", "timestamp": "2021-11-22T12:01:09.636Z", "updated_at": "2021-11-22T12:01:09.636Z", "status": "new", "is_current": true}}, {"model": "admission.studentforms", "pk": 13, "fields": {"serial_number": "SNKmK1", "pin_code": "eO7n124w", "form_type": 1, "cost": 110, "candidate_name": null, "candidate_phone_number": null, "sales_point": null, "sales_point_location": null, "sales_agent": null, "academic_year": "2020/2021", "timestamp": "2021-11-22T12:01:09.636Z", "updated_at": "2021-11-22T12:01:09.636Z", "status": "new", "is_current": true}}, {"model": "admission.studentforms", "pk": 14, "fields": {"serial_number": "SNCyz2", "pin_code": "i65TI30l", "form_type": 1, "cost": 110, "candidate_name": null, "candidate_phone_number": null, "sales_point": null, "sales_point_location": null, "sales_agent": null, "academic_year": "2020/2021", "timestamp": "2021-11-22T12:01:09.636Z", "updated_at": "2021-11-22T12:01:09.636Z", "status": "new", "is_current": true}}, {"model": "admission.studentforms", "pk": 15, "fields": {"serial_number": "SNSBb3", "pin_code": "79E1LYc6", "form_type": 1, "cost": 110, "candidate_name": null, "candidate_phone_number": null, "sales_point": null, "sales_point_location": null, "sales_agent": null, "academic_year": "2020/2021", "timestamp": "2021-11-22T12:01:09.636Z", "updated_at": "2021-11-22T12:01:09.636Z", "status": "new", "is_current": true}}, {"model": "admission.studentforms", "pk": 16, "fields": {"serial_number": "SNCHn4", "pin_code": "26YoZD70", "form_type": 1, "cost": 110, "candidate_name": null, "candidate_phone_number": null, "sales_point": null, "sales_point_location": null, "sales_agent": null, "academic_year": "2020/2021", "timestamp": "2021-11-22T12:01:09.636Z", "updated_at": "2021-11-22T12:01:09.636Z", "status": "new", "is_current": true}}, {"model": "admission.studentforms", "pk": 17, "fields": {"serial_number": "SNeqI5", "pin_code": "a9828QyC", "form_type": 1, "cost": 110, "candidate_name": null, "candidate_phone_number": null, "sales_point": null, "sales_point_location": null, "sales_agent": null, "academic_year": "2020/2021", "timestamp": "2021-11-22T12:01:09.637Z", "updated_at": "2021-11-22T12:01:09.637Z", "status": "new", "is_current": true}}, {"model": "admission.studentforms", "pk": 18, "fields": {"serial_number": "SNrOc6", "pin_code": "2Y8k1h7f", "form_type": 1, "cost": 110, "candidate_name": null, "candidate_phone_number": null, "sales_point": null, "sales_point_location": null, "sales_agent": null, "academic_year": "2020/2021", "timestamp": "2021-11-22T12:01:09.637Z", "updated_at": "2021-11-22T12:01:09.637Z", "status": "new", "is_current": true}}, {"model": "admission.studentforms", "pk": 19, "fields": {"serial_number": "SNCFg7", "pin_code": "BF3971eK", "form_type": 1, "cost": 110, "candidate_name": null, "candidate_phone_number": null, "sales_point": null, "sales_point_location": null, "sales_agent": null, "academic_year": "2020/2021", "timestamp": "2021-11-22T12:01:09.637Z", "updated_at": "2021-11-22T12:01:09.637Z", "status": "new", "is_current": true}}, {"model": "admission.studentforms", "pk": 20, "fields": {"serial_number": "SNdCI8", "pin_code": "8k58F5Mo", "form_type": 1, "cost": 110, "candidate_name": null, "candidate_phone_number": null, "sales_point": null, "sales_point_location": null, "sales_agent": null, "academic_year": "2020/2021", "timestamp": "2021-11-22T12:01:09.637Z", "updated_at": "2021-11-22T12:01:09.637Z", "status": "new", "is_current": true}}, {"model": "admission.studentforms", "pk": 21, "fields": {"serial_number": "SNSyE9", "pin_code": "xrFQ9865", "form_type": 1, "cost": 110, "candidate_name": null, "candidate_phone_number": null, "sales_point": null, "sales_point_location": null, "sales_agent": null, "academic_year": "2020/2021", "timestamp": "2021-11-22T12:01:09.637Z", "updated_at": "2021-11-22T12:01:09.637Z", "status": "new", "is_current": true}}, {"model": "admission.studentforms", "pk": 22, "fields": {"serial_number": "SNVay10", "pin_code": "k1b9OV01", "form_type": 1, "cost": 110, "candidate_name": null, "candidate_phone_number": null, "sales_point": null, "sales_point_location": null, "sales_agent": null, "academic_year": "2020/2021", "timestamp": "2021-11-22T12:01:09.637Z", "updated_at": "2021-11-22T12:01:09.637Z", "status": "new", "is_current": true}}, {"model": "admission.studentforms", "pk": 23, "fields": {"serial_number": "SNRtQ11", "pin_code": "B39b38Iv", "form_type": 1, "cost": 110, "candidate_name": null, "candidate_phone_number": null, "sales_point": null, "sales_point_location": null, "sales_agent": null, "academic_year": "2020/2021", "timestamp": "2021-11-22T12:01:09.637Z", "updated_at": "2021-11-22T12:01:09.637Z", "status": "new", "is_current": true}}, {"model": "admission.studentforms", "pk": 24, "fields": {"serial_number": "SNuFq12", "pin_code": "NWBW1780", "form_type": 1, "cost": 110, "candidate_name": null, "candidate_phone_number": null, "sales_point": null, "sales_point_location": null, "sales_agent": null, "academic_year": "2020/2021", "timestamp": "2021-11-22T12:01:09.637Z", "updated_at": "2021-11-22T12:01:09.637Z", "status": "new", "is_current": true}}, {"model": "admission.studentforms", "pk": 25, "fields": {"serial_number": "SNilc13", "pin_code": "0904fYWp", "form_type": 1, "cost": 110, "candidate_name": null, "candidate_phone_number": null, "sales_point": null, "sales_point_location": null, "sales_agent": null, "academic_year": "2020/2021", "timestamp": "2021-11-22T12:01:09.637Z", "updated_at": "2021-11-22T12:01:09.637Z", "status": "new", "is_current": true}}, {"model": "admission.studentforms", "pk": 26, "fields": {"serial_number": "SNhgD14", "pin_code": "TN1G7g42", "form_type": 1, "cost": 110, "candidate_name": null, "candidate_phone_number": null, "sales_point": null, "sales_point_location": null, "sales_agent": null, "academic_year": "2020/2021", "timestamp": "2021-11-22T12:01:09.637Z", "updated_at": "2021-11-22T12:01:09.637Z", "status": "new", "is_current": true}}, {"model": "admission.studentforms", "pk": 27, "fields": {"serial_number": "SNmuk15", "pin_code": "C25i7kQ2", "form_type": 1, "cost": 110, "candidate_name": null, "candidate_phone_number": null, "sales_point": null, "sales_point_location": null, "sales_agent": null, "academic_year": "2020/2021", "timestamp": "2021-11-22T12:01:09.638Z", "updated_at": "2021-11-22T12:01:09.638Z", "status": "new", "is_current": true}}, {"model": "admission.studentforms", "pk": 28, "fields": {"serial_number": "SNsKz16", "pin_code": "rC43wh58", "form_type": 1, "cost": 110, "candidate_name": null, "candidate_phone_number": null, "sales_point": null, "sales_point_location": null, "sales_agent": null, "academic_year": "2020/2021", "timestamp": "2021-11-22T12:01:09.638Z", "updated_at": "2021-11-22T12:01:09.638Z", "status": "new", "is_current": true}}, {"model": "admission.studentforms", "pk": 29, "fields": {"serial_number": "SNDFu17", "pin_code": "13L0Zf7n", "form_type": 1, "cost": 110, "candidate_name": null, "candidate_phone_number": null, "sales_point": null, "sales_point_location": null, "sales_agent": null, "academic_year": "2020/2021", "timestamp": "2021-11-22T12:01:09.638Z", "updated_at": "2021-11-22T12:01:09.638Z", "status": "new", "is_current": true}}, {"model": "admission.studentforms", "pk": 30, "fields": {"serial_number": "SNkhf18", "pin_code": "o65RUs36", "form_type": 1, "cost": 110, "candidate_name": null, "candidate_phone_number": null, "sales_point": null, "sales_point_location": null, "sales_agent": null, "academic_year": "2020/2021", "timestamp": "2021-11-22T12:01:09.638Z", "updated_at": "2021-11-22T12:01:09.638Z", "status": "new", "is_current": true}}, {"model": "admission.studentforms", "pk": 31, "fields": {"serial_number": "SNhwv19", "pin_code": "5k73lr3N", "form_type": 1, "cost": 110, "candidate_name": null, "candidate_phone_number": null, "sales_point": null, "sales_point_location": null, "sales_agent": null, "academic_year": "2020/2021", "timestamp": "2021-11-22T12:01:09.638Z", "updated_at": "2021-11-22T12:01:09.638Z", "status": "new", "is_current": true}}, {"model": "admission.studentforms", "pk": 32, "fields": {"serial_number": "SNLrf20", "pin_code": "E7i59uk2", "form_type": 1, "cost": 110, "candidate_name": null, "candidate_phone_number": null, "sales_point": null, "sales_point_location": null, "sales_agent": null, "academic_year": "2020/2021", "timestamp": "2021-11-22T12:01:09.638Z", "updated_at": "2021-11-22T12:01:09.638Z", "status": "new", "is_current": true}}, {"model": "admission.studentforms", "pk": 33, "fields": {"serial_number": "SNhER21", "pin_code": "R7t0hk61", "form_type": 1, "cost": 110, "candidate_name": null, "candidate_phone_number": null, "sales_point": null, "sales_point_location": null, "sales_agent": null, "academic_year": "2020/2021", "timestamp": "2021-11-22T12:01:09.638Z", "updated_at": "2021-11-22T12:01:09.638Z", "status": "new", "is_current": true}}, {"model": "admission.studentforms", "pk": 34, "fields": {"serial_number": "SNSjD22", "pin_code": "c41dce95", "form_type": 1, "cost": 110, "candidate_name": null, "candidate_phone_number": null, "sales_point": null, "sales_point_location": null, "sales_agent": null, "academic_year": "2020/2021", "timestamp": "2021-11-22T12:01:09.638Z", "updated_at": "2021-11-22T12:01:09.638Z", "status": "new", "is_current": true}}, {"model": "admission.studentforms", "pk": 35, "fields": {"serial_number": "SNLxS23", "pin_code": "N66r8I6G", "form_type": 1, "cost": 110, "candidate_name": null, "candidate_phone_number": null, "sales_point": null, "sales_point_location": null, "sales_agent": null, "academic_year": "2020/2021", "timestamp": "2021-11-22T12:01:09.638Z", "updated_at": "2021-11-22T12:01:09.638Z", "status": "new", "is_current": true}}, {"model": "admission.studentforms", "pk": 36, "fields": {"serial_number": "SNnRJ24", "pin_code": "75vz9gS9", "form_type": 1, "cost": 110, "candidate_name": null, "candidate_phone_number": null, "sales_point": null, "sales_point_location": null, "sales_agent": null, "academic_year": "2020/2021", "timestamp": "2021-11-22T12:01:09.638Z", "updated_at": "2021-11-22T12:01:09.638Z", "status": "new", "is_current": true}}, {"model": "admission.studentforms", "pk": 37, "fields": {"serial_number": "SNCHn25", "pin_code": "Lf08fx69", "form_type": 1, "cost": 110, "candidate_name": null, "candidate_phone_number": null, "sales_point": null, "sales_point_location": null, "sales_agent": null, "academic_year": "2020/2021", "timestamp": "2021-11-22T12:01:09.638Z", "updated_at": "2021-11-22T12:01:09.638Z", "status": "new", "is_current": true}}, {"model": "admission.studentforms", "pk": 38, "fields": {"serial_number": "SNFQq26", "pin_code": "CzK71E14", "form_type": 1, "cost": 110, "candidate_name": null, "candidate_phone_number": null, "sales_point": null, "sales_point_location": null, "sales_agent": null, "academic_year": "2020/2021", "timestamp": "2021-11-22T12:01:09.639Z", "updated_at": "2021-11-22T12:01:09.639Z", "status": "new", "is_current": true}}, {"model": "admission.studentforms", "pk": 39, "fields": {"serial_number": "SNlHM27", "pin_code": "sP1715Qs", "form_type": 1, "cost": 110, "candidate_name": null, "candidate_phone_number": null, "sales_point": null, "sales_point_location": null, "sales_agent": null, "academic_year": "2020/2021", "timestamp": "2021-11-22T12:01:09.639Z", "updated_at": "2021-11-22T12:01:09.639Z", "status": "new", "is_current": true}}, {"model": "admission.studentforms", "pk": 40, "fields": {"serial_number": "SNFuf28", "pin_code": "Iv14CH27", "form_type": 1, "cost": 110, "candidate_name": null, "candidate_phone_number": null, "sales_point": null, "sales_point_location": null, "sales_agent": null, "academic_year": "2020/2021", "timestamp": "2021-11-22T12:01:09.639Z", "updated_at": "2021-11-22T12:01:09.639Z", "status": "new", "is_current": true}}, {"model": "admission.studentforms", "pk": 41, "fields": {"serial_number": "SNOHW29", "pin_code": "j41V6s5U", "form_type": 1, "cost": 110, "candidate_name": null, "candidate_phone_number": null, "sales_point": null, "sales_point_location": null, "sales_agent": null, "academic_year": "2020/2021", "timestamp": "2021-11-22T12:01:09.639Z", "updated_at": "2021-11-22T12:01:09.639Z", "status": "new", "is_current": true}}, {"model": "admission.studentforms", "pk": 42, "fields": {"serial_number": "SNzpP30", "pin_code": "3ii412mc", "form_type": 1, "cost": 110, "candidate_name": null, "candidate_phone_number": null, "sales_point": null, "sales_point_location": null, "sales_agent": null, "academic_year": "2020/2021", "timestamp": "2021-11-22T12:01:09.639Z", "updated_at": "2021-11-22T12:01:09.639Z", "status": "new", "is_current": true}}, {"model": "admission.studentforms", "pk": 43, "fields": {"serial_number": "SNaJd31", "pin_code": "r73aK0k8", "form_type": 1, "cost": 110, "candidate_name": null, "candidate_phone_number": null, "sales_point": null, "sales_point_location": null, "sales_agent": null, "academic_year": "2020/2021", "timestamp": "2021-11-22T12:01:09.639Z", "updated_at": "2021-11-22T12:01:09.639Z", "status": "new", "is_current": true}}, {"model": "admission.studentforms", "pk": 44, "fields": {"serial_number": "SNTPY32", "pin_code": "6iA6u01L", "form_type": 1, "cost": 110, "candidate_name": null, "candidate_phone_number": null, "sales_point": null, "sales_point_location": null, "sales_agent": null, "academic_year": "2020/2021", "timestamp": "2021-11-22T12:01:09.639Z", "updated_at": "2021-11-22T12:01:09.639Z", "status": "new", "is_current": true}}, {"model": "admission.studentforms", "pk": 45, "fields": {"serial_number": "SNkrC33", "pin_code": "2Da3q56r", "form_type": 1, "cost": 110, "candidate_name": null, "candidate_phone_number": null, "sales_point": null, "sales_point_location": null, "sales_agent": null, "academic_year": "2020/2021", "timestamp": "2021-11-22T12:01:09.639Z", "updated_at": "2021-11-22T12:01:09.639Z", "status": "new", "is_current": true}}, {"model": "admission.studentforms", "pk": 46, "fields": {"serial_number": "SNNfQ34", "pin_code": "O36y0ox5", "form_type": 1, "cost": 110, "candidate_name": null, "candidate_phone_number": null, "sales_point": null, "sales_point_location": null, "sales_agent": null, "academic_year": "2020/2021", "timestamp": "2021-11-22T12:01:09.640Z", "updated_at": "2021-11-22T12:01:09.640Z", "status": "new", "is_current": true}}, {"model": "admission.studentforms", "pk": 47, "fields": {"serial_number": "SNRgc35", "pin_code": "K02r03aK", "form_type": 1, "cost": 110, "candidate_name": null, "candidate_phone_number": null, "sales_point": null, "sales_point_location": null, "sales_agent": null, "academic_year": "2020/2021", "timestamp": "2021-11-22T12:01:09.640Z", "updated_at": "2021-11-22T12:01:09.640Z", "status": "new", "is_current": true}}, {"model": "admission.studentforms", "pk": 48, "fields": {"serial_number": "SNdye36", "pin_code": "Oa2tj604", "form_type": 1, "cost": 110, "candidate_name": null, "candidate_phone_number": null, "sales_point": null, "sales_point_location": null, "sales_agent": null, "academic_year": "2020/2021", "timestamp": "2021-11-22T12:01:09.640Z", "updated_at": "2021-11-22T12:01:09.640Z", "status": "new", "is_current": true}}, {"model": "admission.studentforms", "pk": 49, "fields": {"serial_number": "SNLqk37", "pin_code": "ja5Ml749", "form_type": 1, "cost": 110, "candidate_name": null, "candidate_phone_number": null, "sales_point": null, "sales_point_location": null, "sales_agent": null, "academic_year": "2020/2021", "timestamp": "2021-11-22T12:01:09.640Z", "updated_at": "2021-11-22T12:01:09.640Z", "status": "new", "is_current": true}}, {"model": "admission.studentforms", "pk": 50, "fields": {"serial_number": "SNPZt38", "pin_code": "0a41f8xE", "form_type": 1, "cost": 110, "candidate_name": null, "candidate_phone_number": null, "sales_point": null, "sales_point_location": null, "sales_agent": null, "academic_year": "2020/2021", "timestamp": "2021-11-22T12:01:09.640Z", "updated_at": "2021-11-22T12:01:09.640Z", "status": "new", "is_current": true}}, {"model": "admission.studentforms", "pk": 51, "fields": {"serial_number": "SNhcA39", "pin_code": "5AwV07J2", "form_type": 1, "cost": 110, "candidate_name": null, "candidate_phone_number": null, "sales_point": null, "sales_point_location": null, "sales_agent": null, "academic_year": "2020/2021", "timestamp": "2021-11-22T12:01:09.640Z", "updated_at": "2021-11-22T12:01:09.640Z", "status": "new", "is_current": true}}, {"model": "admission.studentforms", "pk": 52, "fields": {"serial_number": "SNqHw40", "pin_code": "66xm4PG6", "form_type": 1, "cost": 110, "candidate_name": null, "candidate_phone_number": null, "sales_point": null, "sales_point_location": null, "sales_agent": null, "academic_year": "2020/2021", "timestamp": "2021-11-22T12:01:09.641Z", "updated_at": "2021-11-22T12:01:09.641Z", "status": "new", "is_current": true}}, {"model": "admission.studentforms", "pk": 53, "fields": {"serial_number": "SNuQZ41", "pin_code": "6TMz557G", "form_type": 1, "cost": 110, "candidate_name": null, "candidate_phone_number": null, "sales_point": null, "sales_point_location": null, "sales_agent": null, "academic_year": "2020/2021", "timestamp": "2021-11-22T12:01:09.641Z", "updated_at": "2021-11-22T12:01:09.641Z", "status": "new", "is_current": true}}, {"model": "admission.studentforms", "pk": 54, "fields": {"serial_number": "SNfaF42", "pin_code": "787j9Vpp", "form_type": 1, "cost": 110, "candidate_name": null, "candidate_phone_number": null, "sales_point": null, "sales_point_location": null, "sales_agent": null, "academic_year": "2020/2021", "timestamp": "2021-11-22T12:01:09.641Z", "updated_at": "2021-11-22T12:01:09.641Z", "status": "new", "is_current": true}}, {"model": "admission.studentforms", "pk": 55, "fields": {"serial_number": "SNQne43", "pin_code": "Nyb5D573", "form_type": 1, "cost": 110, "candidate_name": null, "candidate_phone_number": null, "sales_point": null, "sales_point_location": null, "sales_agent": null, "academic_year": "2020/2021", "timestamp": "2021-11-22T12:01:09.641Z", "updated_at": "2021-11-22T12:01:09.641Z", "status": "new", "is_current": true}}, {"model": "admission.studentforms", "pk": 56, "fields": {"serial_number": "SNILr44", "pin_code": "89e5eg4l", "form_type": 1, "cost": 110, "candidate_name": null, "candidate_phone_number": null, "sales_point": null, "sales_point_location": null, "sales_agent": null, "academic_year": "2020/2021", "timestamp": "2021-11-22T12:01:09.641Z", "updated_at": "2021-11-22T12:01:09.641Z", "status": "new", "is_current": true}}, {"model": "admission.studentforms", "pk": 57, "fields": {"serial_number": "SNaQc45", "pin_code": "7fz00z6s", "form_type": 1, "cost": 110, "candidate_name": null, "candidate_phone_number": null, "sales_point": null, "sales_point_location": null, "sales_agent": null, "academic_year": "2020/2021", "timestamp": "2021-11-22T12:01:09.641Z", "updated_at": "2021-11-22T12:01:09.641Z", "status": "new", "is_current": true}}, {"model": "admission.studentforms", "pk": 58, "fields": {"serial_number": "SNmKE46", "pin_code": "929QT3sc", "form_type": 1, "cost": 110, "candidate_name": null, "candidate_phone_number": null, "sales_point": null, "sales_point_location": null, "sales_agent": null, "academic_year": "2020/2021", "timestamp": "2021-11-22T12:01:09.641Z", "updated_at": "2021-11-22T12:01:09.641Z", "status": "new", "is_current": true}}, {"model": "admission.studentforms", "pk": 59, "fields": {"serial_number": "SNSyl47", "pin_code": "Q0W6r35w", "form_type": 1, "cost": 110, "candidate_name": null, "candidate_phone_number": null, "sales_point": null, "sales_point_location": null, "sales_agent": null, "academic_year": "2020/2021", "timestamp": "2021-11-22T12:01:09.641Z", "updated_at": "2021-11-22T12:01:09.641Z", "status": "new", "is_current": true}}, {"model": "admission.studentforms", "pk": 60, "fields": {"serial_number": "SNBZQ48", "pin_code": "80hx5H7n", "form_type": 1, "cost": 110, "candidate_name": null, "candidate_phone_number": null, "sales_point": null, "sales_point_location": null, "sales_agent": null, "academic_year": "2020/2021", "timestamp": "2021-11-22T12:01:09.641Z", "updated_at": "2021-11-22T12:01:09.641Z", "status": "new", "is_current": true}}, {"model": "admission.studentforms", "pk": 61, "fields": {"serial_number": "SNMmS49", "pin_code": "wvZw4586", "form_type": 1, "cost": 110, "candidate_name": null, "candidate_phone_number": null, "sales_point": null, "sales_point_location": null, "sales_agent": null, "academic_year": "2020/2021", "timestamp": "2021-11-22T12:01:09.641Z", "updated_at": "2021-11-22T12:01:09.641Z", "status": "new", "is_current": true}}, {"model": "admission.studentforms", "pk": 62, "fields": {"serial_number": "SNANi50", "pin_code": "H2wk086p", "form_type": 1, "cost": 110, "candidate_name": null, "candidate_phone_number": null, "sales_point": null, "sales_point_location": null, "sales_agent": null, "academic_year": "2020/2021", "timestamp": "2021-11-22T12:01:09.641Z", "updated_at": "2021-11-22T12:01:09.641Z", "status": "new", "is_current": true}}, {"model": "admission.studentforms", "pk": 63, "fields": {"serial_number": "SNApP51", "pin_code": "h8Nw15x0", "form_type": 1, "cost": 110, "candidate_name": null, "candidate_phone_number": null, "sales_point": null, "sales_point_location": null, "sales_agent": null, "academic_year": "2020/2021", "timestamp": "2021-11-22T12:01:09.641Z", "updated_at": "2021-11-22T12:01:09.641Z", "status": "new", "is_current": true}}, {"model": "admission.studentforms", "pk": 64, "fields": {"serial_number": "SNDCH52", "pin_code": "y54p50ys", "form_type": 1, "cost": 110, "candidate_name": null, "candidate_phone_number": null, "sales_point": null, "sales_point_location": null, "sales_agent": null, "academic_year": "2020/2021", "timestamp": "2021-11-22T12:01:09.642Z", "updated_at": "2021-11-22T12:01:09.642Z", "status": "new", "is_current": true}}, {"model": "admission.studentforms", "pk": 65, "fields": {"serial_number": "SNzfC53", "pin_code": "82Xxld80", "form_type": 1, "cost": 110, "candidate_name": null, "candidate_phone_number": null, "sales_point": null, "sales_point_location": null, "sales_agent": null, "academic_year": "2020/2021", "timestamp": "2021-11-22T12:01:09.642Z", "updated_at": "2021-11-22T12:01:09.642Z", "status": "new", "is_current": true}}, {"model": "admission.studentforms", "pk": 66, "fields": {"serial_number": "SNbCk54", "pin_code": "f5d5O28p", "form_type": 1, "cost": 110, "candidate_name": null, "candidate_phone_number": null, "sales_point": null, "sales_point_location": null, "sales_agent": null, "academic_year": "2020/2021", "timestamp": "2021-11-22T12:01:09.642Z", "updated_at": "2021-11-22T12:01:09.642Z", "status": "new", "is_current": true}}, {"model": "admission.studentforms", "pk": 67, "fields": {"serial_number": "SNevL55", "pin_code": "25T7y2pH", "form_type": 1, "cost": 110, "candidate_name": null, "candidate_phone_number": null, "sales_point": null, "sales_point_location": null, "sales_agent": null, "academic_year": "2020/2021", "timestamp": "2021-11-22T12:01:09.642Z", "updated_at": "2021-11-22T12:01:09.642Z", "status": "new", "is_current": true}}, {"model": "admission.studentforms", "pk": 68, "fields": {"serial_number": "SNeid56", "pin_code": "S359j9kX", "form_type": 1, "cost": 110, "candidate_name": null, "candidate_phone_number": null, "sales_point": null, "sales_point_location": null, "sales_agent": null, "academic_year": "2020/2021", "timestamp": "2021-11-22T12:01:09.642Z", "updated_at": "2021-11-22T12:01:09.642Z", "status": "new", "is_current": true}}, {"model": "admission.studentforms", "pk": 69, "fields": {"serial_number": "SNDsG57", "pin_code": "37U9pV2c", "form_type": 1, "cost": 110, "candidate_name": null, "candidate_phone_number": null, "sales_point": null, "sales_point_location": null, "sales_agent": null, "academic_year": "2020/2021", "timestamp": "2021-11-22T12:01:09.642Z", "updated_at": "2021-11-22T12:01:09.642Z", "status": "new", "is_current": true}}, {"model": "admission.studentforms", "pk": 70, "fields": {"serial_number": "SNPXC58", "pin_code": "046XVR8m", "form_type": 1, "cost": 110, "candidate_name": null, "candidate_phone_number": null, "sales_point": null, "sales_point_location": null, "sales_agent": null, "academic_year": "2020/2021", "timestamp": "2021-11-22T12:01:09.642Z", "updated_at": "2021-11-22T12:01:09.642Z", "status": "new", "is_current": true}}, {"model": "admission.studentforms", "pk": 71, "fields": {"serial_number": "SNaHJ59", "pin_code": "504w0Rie", "form_type": 1, "cost": 110, "candidate_name": null, "candidate_phone_number": null, "sales_point": null, "sales_point_location": null, "sales_agent": null, "academic_year": "2020/2021", "timestamp": "2021-11-22T12:01:09.642Z", "updated_at": "2021-11-22T12:01:09.642Z", "status": "new", "is_current": true}}, {"model": "admission.studentforms", "pk": 72, "fields": {"serial_number": "SNncD60", "pin_code": "FL397mU7", "form_type": 1, "cost": 110, "candidate_name": null, "candidate_phone_number": null, "sales_point": null, "sales_point_location": null, "sales_agent": null, "academic_year": "2020/2021", "timestamp": "2021-11-22T12:01:09.642Z", "updated_at": "2021-11-22T12:01:09.642Z", "status": "new", "is_current": true}}, {"model": "admission.studentforms", "pk": 73, "fields": {"serial_number": "SNYYO61", "pin_code": "5D7H00Ly", "form_type": 1, "cost": 110, "candidate_name": null, "candidate_phone_number": null, "sales_point": null, "sales_point_location": null, "sales_agent": null, "academic_year": "2020/2021", "timestamp": "2021-11-22T12:01:09.642Z", "updated_at": "2021-11-22T12:01:09.642Z", "status": "new", "is_current": true}}, {"model": "admission.studentforms", "pk": 74, "fields": {"serial_number": "SNYuH62", "pin_code": "zC4312MV", "form_type": 1, "cost": 110, "candidate_name": null, "candidate_phone_number": null, "sales_point": null, "sales_point_location": null, "sales_agent": null, "academic_year": "2020/2021", "timestamp": "2021-11-22T12:01:09.642Z", "updated_at": "2021-11-22T12:01:09.642Z", "status": "new", "is_current": true}}, {"model": "admission.studentforms", "pk": 75, "fields": {"serial_number": "SNDZV63", "pin_code": "s4r1z28m", "form_type": 1, "cost": 110, "candidate_name": null, "candidate_phone_number": null, "sales_point": null, "sales_point_location": null, "sales_agent": null, "academic_year": "2020/2021", "timestamp": "2021-11-22T12:01:09.642Z", "updated_at": "2021-11-22T12:01:09.642Z", "status": "new", "is_current": true}}, {"model": "admission.studentforms", "pk": 76, "fields": {"serial_number": "SNuuB64", "pin_code": "p8f1r1M5", "form_type": 1, "cost": 110, "candidate_name": null, "candidate_phone_number": null, "sales_point": null, "sales_point_location": null, "sales_agent": null, "academic_year": "2020/2021", "timestamp": "2021-11-22T12:01:09.642Z", "updated_at": "2021-11-22T12:01:09.642Z", "status": "new", "is_current": true}}, {"model": "admission.studentforms", "pk": 77, "fields": {"serial_number": "SNoQQ65", "pin_code": "85R1cf6A", "form_type": 1, "cost": 110, "candidate_name": null, "candidate_phone_number": null, "sales_point": null, "sales_point_location": null, "sales_agent": null, "academic_year": "2020/2021", "timestamp": "2021-11-22T12:01:09.642Z", "updated_at": "2021-11-22T12:01:09.642Z", "status": "new", "is_current": true}}, {"model": "admission.studentforms", "pk": 78, "fields": {"serial_number": "SNEXA66", "pin_code": "Qr2u61m9", "form_type": 1, "cost": 110, "candidate_name": null, "candidate_phone_number": null, "sales_point": null, "sales_point_location": null, "sales_agent": null, "academic_year": "2020/2021", "timestamp": "2021-11-22T12:01:09.642Z", "updated_at": "2021-11-22T12:01:09.642Z", "status": "new", "is_current": true}}, {"model": "admission.studentforms", "pk": 79, "fields": {"serial_number": "SNIlQ67", "pin_code": "e80w87zT", "form_type": 1, "cost": 110, "candidate_name": null, "candidate_phone_number": null, "sales_point": null, "sales_point_location": null, "sales_agent": null, "academic_year": "2020/2021", "timestamp": "2021-11-22T12:01:09.642Z", "updated_at": "2021-11-22T12:01:09.642Z", "status": "new", "is_current": true}}, {"model": "admission.studentforms", "pk": 80, "fields": {"serial_number": "SNXhj68", "pin_code": "f1L0S3F6", "form_type": 1, "cost": 110, "candidate_name": null, "candidate_phone_number": null, "sales_point": null, "sales_point_location": null, "sales_agent": null, "academic_year": "2020/2021", "timestamp": "2021-11-22T12:01:09.642Z", "updated_at": "2021-11-22T12:01:09.642Z", "status": "new", "is_current": true}}, {"model": "admission.studentforms", "pk": 81, "fields": {"serial_number": "SNJrD69", "pin_code": "k4A40iy4", "form_type": 1, "cost": 110, "candidate_name": null, "candidate_phone_number": null, "sales_point": null, "sales_point_location": null, "sales_agent": null, "academic_year": "2020/2021", "timestamp": "2021-11-22T12:01:09.642Z", "updated_at": "2021-11-22T12:01:09.642Z", "status": "new", "is_current": true}}, {"model": "admission.studentforms", "pk": 82, "fields": {"serial_number": "SNJVg70", "pin_code": "45weZw59", "form_type": 1, "cost": 110, "candidate_name": null, "candidate_phone_number": null, "sales_point": null, "sales_point_location": null, "sales_agent": null, "academic_year": "2020/2021", "timestamp": "2021-11-22T12:01:09.643Z", "updated_at": "2021-11-22T12:01:09.643Z", "status": "new", "is_current": true}}, {"model": "admission.studentforms", "pk": 83, "fields": {"serial_number": "SNZGe71", "pin_code": "j41SV5B9", "form_type": 1, "cost": 110, "candidate_name": null, "candidate_phone_number": null, "sales_point": null, "sales_point_location": null, "sales_agent": null, "academic_year": "2020/2021", "timestamp": "2021-11-22T12:01:09.654Z", "updated_at": "2021-11-22T12:01:09.654Z", "status": "new", "is_current": true}}, {"model": "admission.studentforms", "pk": 84, "fields": {"serial_number": "SNdhm72", "pin_code": "Iw6H4w55", "form_type": 1, "cost": 110, "candidate_name": null, "candidate_phone_number": null, "sales_point": null, "sales_point_location": null, "sales_agent": null, "academic_year": "2020/2021", "timestamp": "2021-11-22T12:01:09.654Z", "updated_at": "2021-11-22T12:01:09.654Z", "status": "new", "is_current": true}}, {"model": "admission.studentforms", "pk": 85, "fields": {"serial_number": "SNSYy73", "pin_code": "h0X31JV6", "form_type": 1, "cost": 110, "candidate_name": null, "candidate_phone_number": null, "sales_point": null, "sales_point_location": null, "sales_agent": null, "academic_year": "2020/2021", "timestamp": "2021-11-22T12:01:09.654Z", "updated_at": "2021-11-22T12:01:09.654Z", "status": "new", "is_current": true}}, {"model": "admission.studentforms", "pk": 86, "fields": {"serial_number": "SNOub74", "pin_code": "fk413jL3", "form_type": 1, "cost": 110, "candidate_name": null, "candidate_phone_number": null, "sales_point": null, "sales_point_location": null, "sales_agent": null, "academic_year": "2020/2021", "timestamp": "2021-11-22T12:01:09.654Z", "updated_at": "2021-11-22T12:01:09.654Z", "status": "new", "is_current": true}}, {"model": "admission.studentforms", "pk": 87, "fields": {"serial_number": "SNeKO75", "pin_code": "IK7w73V6", "form_type": 1, "cost": 110, "candidate_name": null, "candidate_phone_number": null, "sales_point": null, "sales_point_location": null, "sales_agent": null, "academic_year": "2020/2021", "timestamp": "2021-11-22T12:01:09.655Z", "updated_at": "2021-11-22T12:01:09.655Z", "status": "new", "is_current": true}}, {"model": "admission.studentforms", "pk": 88, "fields": {"serial_number": "SNPtw76", "pin_code": "S4C51ug9", "form_type": 1, "cost": 110, "candidate_name": null, "candidate_phone_number": null, "sales_point": null, "sales_point_location": null, "sales_agent": null, "academic_year": "2020/2021", "timestamp": "2021-11-22T12:01:09.655Z", "updated_at": "2021-11-22T12:01:09.655Z", "status": "new", "is_current": true}}, {"model": "admission.studentforms", "pk": 89, "fields": {"serial_number": "SNtmc77", "pin_code": "0pQQ904Y", "form_type": 1, "cost": 110, "candidate_name": null, "candidate_phone_number": null, "sales_point": null, "sales_point_location": null, "sales_agent": null, "academic_year": "2020/2021", "timestamp": "2021-11-22T12:01:09.655Z", "updated_at": "2021-11-22T12:01:09.655Z", "status": "new", "is_current": true}}, {"model": "admission.studentforms", "pk": 90, "fields": {"serial_number": "SNbBw78", "pin_code": "93F3HRG3", "form_type": 1, "cost": 110, "candidate_name": null, "candidate_phone_number": null, "sales_point": null, "sales_point_location": null, "sales_agent": null, "academic_year": "2020/2021", "timestamp": "2021-11-22T12:01:09.655Z", "updated_at": "2021-11-22T12:01:09.655Z", "status": "new", "is_current": true}}, {"model": "admission.studentforms", "pk": 91, "fields": {"serial_number": "SNRck79", "pin_code": "mD1382yQ", "form_type": 1, "cost": 110, "candidate_name": null, "candidate_phone_number": null, "sales_point": null, "sales_point_location": null, "sales_agent": null, "academic_year": "2020/2021", "timestamp": "2021-11-22T12:01:09.655Z", "updated_at": "2021-11-22T12:01:09.655Z", "status": "new", "is_current": true}}, {"model": "admission.studentforms", "pk": 92, "fields": {"serial_number": "SNxqR80", "pin_code": "39F1JK6x", "form_type": 1, "cost": 110, "candidate_name": null, "candidate_phone_number": null, "sales_point": null, "sales_point_location": null, "sales_agent": null, "academic_year": "2020/2021", "timestamp": "2021-11-22T12:01:09.655Z", "updated_at": "2021-11-22T12:01:09.655Z", "status": "new", "is_current": true}}, {"model": "admission.studentforms", "pk": 93, "fields": {"serial_number": "SNvCi81", "pin_code": "Pzb4208D", "form_type": 1, "cost": 110, "candidate_name": null, "candidate_phone_number": null, "sales_point": null, "sales_point_location": null, "sales_agent": null, "academic_year": "2020/2021", "timestamp": "2021-11-22T12:01:09.655Z", "updated_at": "2021-11-22T12:01:09.655Z", "status": "new", "is_current": true}}, {"model": "admission.studentforms", "pk": 94, "fields": {"serial_number": "SNxFh82", "pin_code": "40W4gwY5", "form_type": 1, "cost": 110, "candidate_name": null, "candidate_phone_number": null, "sales_point": null, "sales_point_location": null, "sales_agent": null, "academic_year": "2020/2021", "timestamp": "2021-11-22T12:01:09.655Z", "updated_at": "2021-11-22T12:01:09.655Z", "status": "new", "is_current": true}}, {"model": "admission.studentforms", "pk": 95, "fields": {"serial_number": "SNmpS83", "pin_code": "76YFnv45", "form_type": 1, "cost": 110, "candidate_name": null, "candidate_phone_number": null, "sales_point": null, "sales_point_location": null, "sales_agent": null, "academic_year": "2020/2021", "timestamp": "2021-11-22T12:01:09.655Z", "updated_at": "2021-11-22T12:01:09.655Z", "status": "new", "is_current": true}}, {"model": "admission.studentforms", "pk": 96, "fields": {"serial_number": "SNjVr84", "pin_code": "qq770q3u", "form_type": 1, "cost": 110, "candidate_name": null, "candidate_phone_number": null, "sales_point": null, "sales_point_location": null, "sales_agent": null, "academic_year": "2020/2021", "timestamp": "2021-11-22T12:01:09.655Z", "updated_at": "2021-11-22T12:01:09.655Z", "status": "new", "is_current": true}}, {"model": "admission.studentforms", "pk": 97, "fields": {"serial_number": "SNyQX85", "pin_code": "04bT53GP", "form_type": 1, "cost": 110, "candidate_name": null, "candidate_phone_number": null, "sales_point": null, "sales_point_location": null, "sales_agent": null, "academic_year": "2020/2021", "timestamp": "2021-11-22T12:01:09.655Z", "updated_at": "2021-11-22T12:01:09.655Z", "status": "new", "is_current": true}}, {"model": "admission.studentforms", "pk": 98, "fields": {"serial_number": "SNTyX86", "pin_code": "K242E2IE", "form_type": 1, "cost": 110, "candidate_name": null, "candidate_phone_number": null, "sales_point": null, "sales_point_location": null, "sales_agent": null, "academic_year": "2020/2021", "timestamp": "2021-11-22T12:01:09.655Z", "updated_at": "2021-11-22T12:01:09.655Z", "status": "new", "is_current": true}}, {"model": "admission.studentforms", "pk": 99, "fields": {"serial_number": "SNaBK87", "pin_code": "U0q78na8", "form_type": 1, "cost": 110, "candidate_name": null, "candidate_phone_number": null, "sales_point": null, "sales_point_location": null, "sales_agent": null, "academic_year": "2020/2021", "timestamp": "2021-11-22T12:01:09.655Z", "updated_at": "2021-11-22T12:01:09.655Z", "status": "new", "is_current": true}}, {"model": "admission.studentforms", "pk": 100, "fields": {"serial_number": "SNbfq88", "pin_code": "3Y2jNW22", "form_type": 1, "cost": 110, "candidate_name": null, "candidate_phone_number": null, "sales_point": null, "sales_point_location": null, "sales_agent": null, "academic_year": "2020/2021", "timestamp": "2021-11-22T12:01:09.655Z", "updated_at": "2021-11-22T12:01:09.655Z", "status": "new", "is_current": true}}, {"model": "admission.studentforms", "pk": 101, "fields": {"serial_number": "SNvqa89", "pin_code": "98I3VMz4", "form_type": 1, "cost": 110, "candidate_name": null, "candidate_phone_number": null, "sales_point": null, "sales_point_location": null, "sales_agent": null, "academic_year": "2020/2021", "timestamp": "2021-11-22T12:01:09.655Z", "updated_at": "2021-11-22T12:01:09.655Z", "status": "new", "is_current": true}}, {"model": "admission.studentforms", "pk": 102, "fields": {"serial_number": "SNbaS90", "pin_code": "O44SUH53", "form_type": 1, "cost": 110, "candidate_name": null, "candidate_phone_number": null, "sales_point": null, "sales_point_location": null, "sales_agent": null, "academic_year": "2020/2021", "timestamp": "2021-11-22T12:01:09.655Z", "updated_at": "2021-11-22T12:01:09.655Z", "status": "new", "is_current": true}}, {"model": "admission.studentforms", "pk": 103, "fields": {"serial_number": "SNHnB91", "pin_code": "MC084O6H", "form_type": 1, "cost": 110, "candidate_name": null, "candidate_phone_number": null, "sales_point": null, "sales_point_location": null, "sales_agent": null, "academic_year": "2020/2021", "timestamp": "2021-11-22T12:01:09.656Z", "updated_at": "2021-11-22T12:01:09.656Z", "status": "new", "is_current": true}}, {"model": "admission.studentforms", "pk": 104, "fields": {"serial_number": "SNOcs92", "pin_code": "00Zi7Yq7", "form_type": 1, "cost": 110, "candidate_name": null, "candidate_phone_number": null, "sales_point": null, "sales_point_location": null, "sales_agent": null, "academic_year": "2020/2021", "timestamp": "2021-11-22T12:01:09.656Z", "updated_at": "2021-11-22T12:01:09.656Z", "status": "new", "is_current": true}}, {"model": "admission.studentforms", "pk": 105, "fields": {"serial_number": "SNxAR93", "pin_code": "sv0s684M", "form_type": 1, "cost": 110, "candidate_name": null, "candidate_phone_number": null, "sales_point": null, "sales_point_location": null, "sales_agent": null, "academic_year": "2020/2021", "timestamp": "2021-11-22T12:01:09.656Z", "updated_at": "2021-11-22T12:01:09.656Z", "status": "new", "is_current": true}}, {"model": "admission.studentforms", "pk": 106, "fields": {"serial_number": "SNbtA94", "pin_code": "2j8h65oS", "form_type": 1, "cost": 110, "candidate_name": null, "candidate_phone_number": null, "sales_point": null, "sales_point_location": null, "sales_agent": null, "academic_year": "2020/2021", "timestamp": "2021-11-22T12:01:09.656Z", "updated_at": "2021-11-22T12:01:09.656Z", "status": "new", "is_current": true}}, {"model": "admission.studentforms", "pk": 107, "fields": {"serial_number": "SNeAx95", "pin_code": "T38tCc38", "form_type": 1, "cost": 110, "candidate_name": null, "candidate_phone_number": null, "sales_point": null, "sales_point_location": null, "sales_agent": null, "academic_year": "2020/2021", "timestamp": "2021-11-22T12:01:09.656Z", "updated_at": "2021-11-22T12:01:09.656Z", "status": "new", "is_current": true}}, {"model": "admission.studentforms", "pk": 108, "fields": {"serial_number": "SNZxt96", "pin_code": "94ls10nS", "form_type": 1, "cost": 110, "candidate_name": null, "candidate_phone_number": null, "sales_point": null, "sales_point_location": null, "sales_agent": null, "academic_year": "2020/2021", "timestamp": "2021-11-22T12:01:09.656Z", "updated_at": "2021-11-22T12:01:09.656Z", "status": "new", "is_current": true}}, {"model": "admission.studentforms", "pk": 109, "fields": {"serial_number": "SNNnd97", "pin_code": "89aw1E0s", "form_type": 1, "cost": 110, "candidate_name": null, "candidate_phone_number": null, "sales_point": null, "sales_point_location": null, "sales_agent": null, "academic_year": "2020/2021", "timestamp": "2021-11-22T12:01:09.656Z", "updated_at": "2021-11-22T12:01:09.656Z", "status": "new", "is_current": true}}, {"model": "admission.studentforms", "pk": 110, "fields": {"serial_number": "SNaLQ98", "pin_code": "l8o282kP", "form_type": 1, "cost": 110, "candidate_name": null, "candidate_phone_number": null, "sales_point": null, "sales_point_location": null, "sales_agent": null, "academic_year": "2020/2021", "timestamp": "2021-11-22T12:01:09.656Z", "updated_at": "2021-11-22T12:01:09.656Z", "status": "new", "is_current": true}}, {"model": "admission.studentforms", "pk": 111, "fields": {"serial_number": "SNqXv99", "pin_code": "q65P1rc4", "form_type": 1, "cost": 110, "candidate_name": null, "candidate_phone_number": null, "sales_point": null, "sales_point_location": null, "sales_agent": null, "academic_year": "2020/2021", "timestamp": "2021-11-22T12:01:09.656Z", "updated_at": "2021-11-22T12:01:09.656Z", "status": "new", "is_current": true}}, {"model": "admission.studentforms", "pk": 112, "fields": {"serial_number": "SNxqp100", "pin_code": "6z5j6vW2", "form_type": 1, "cost": 110, "candidate_name": null, "candidate_phone_number": null, "sales_point": null, "sales_point_location": null, "sales_agent": null, "academic_year": "2020/2021", "timestamp": "2021-11-22T12:01:09.656Z", "updated_at": "2021-11-22T12:01:09.656Z", "status": "new", "is_current": true}}, {"model": "admission.studentforms", "pk": 113, "fields": {"serial_number": "SNMez101", "pin_code": "76ZqU30r", "form_type": 1, "cost": 110, "candidate_name": null, "candidate_phone_number": null, "sales_point": null, "sales_point_location": null, "sales_agent": null, "academic_year": "2020/2021", "timestamp": "2021-11-22T12:01:09.656Z", "updated_at": "2021-11-22T12:01:09.656Z", "status": "new", "is_current": true}}, {"model": "admission.studentforms", "pk": 114, "fields": {"serial_number": "SNqeT102", "pin_code": "5Up508zT", "form_type": 1, "cost": 110, "candidate_name": null, "candidate_phone_number": null, "sales_point": null, "sales_point_location": null, "sales_agent": null, "academic_year": "2020/2021", "timestamp": "2021-11-22T12:01:09.656Z", "updated_at": "2021-11-22T12:01:09.656Z", "status": "new", "is_current": true}}, {"model": "admission.studentforms", "pk": 115, "fields": {"serial_number": "SNVhb103", "pin_code": "1tYKY911", "form_type": 1, "cost": 110, "candidate_name": null, "candidate_phone_number": null, "sales_point": null, "sales_point_location": null, "sales_agent": null, "academic_year": "2020/2021", "timestamp": "2021-11-22T12:01:09.656Z", "updated_at": "2021-11-22T12:01:09.656Z", "status": "new", "is_current": true}}, {"model": "admission.studentforms", "pk": 116, "fields": {"serial_number": "SNGEw104", "pin_code": "36N1lEZ6", "form_type": 1, "cost": 110, "candidate_name": null, "candidate_phone_number": null, "sales_point": null, "sales_point_location": null, "sales_agent": null, "academic_year": "2020/2021", "timestamp": "2021-11-22T12:01:09.656Z", "updated_at": "2021-11-22T12:01:09.656Z", "status": "new", "is_current": true}}, {"model": "admission.studentforms", "pk": 117, "fields": {"serial_number": "SNLEN105", "pin_code": "7nO5np15", "form_type": 1, "cost": 110, "candidate_name": null, "candidate_phone_number": null, "sales_point": null, "sales_point_location": null, "sales_agent": null, "academic_year": "2020/2021", "timestamp": "2021-11-22T12:01:09.656Z", "updated_at": "2021-11-22T12:01:09.656Z", "status": "new", "is_current": true}}, {"model": "admission.studentforms", "pk": 118, "fields": {"serial_number": "SNetk106", "pin_code": "rr38E1e2", "form_type": 1, "cost": 110, "candidate_name": null, "candidate_phone_number": null, "sales_point": null, "sales_point_location": null, "sales_agent": null, "academic_year": "2020/2021", "timestamp": "2021-11-22T12:01:09.656Z", "updated_at": "2021-11-22T12:01:09.656Z", "status": "new", "is_current": true}}, {"model": "admission.studentforms", "pk": 119, "fields": {"serial_number": "SNmfN107", "pin_code": "mYZ97z35", "form_type": 1, "cost": 110, "candidate_name": null, "candidate_phone_number": null, "sales_point": null, "sales_point_location": null, "sales_agent": null, "academic_year": "2020/2021", "timestamp": "2021-11-22T12:01:09.657Z", "updated_at": "2021-11-22T12:01:09.657Z", "status": "new", "is_current": true}}, {"model": "admission.studentforms", "pk": 120, "fields": {"serial_number": "SNPSO108", "pin_code": "20g1q0pW", "form_type": 1, "cost": 110, "candidate_name": null, "candidate_phone_number": null, "sales_point": null, "sales_point_location": null, "sales_agent": null, "academic_year": "2020/2021", "timestamp": "2021-11-22T12:01:09.657Z", "updated_at": "2021-11-22T12:01:09.657Z", "status": "new", "is_current": true}}, {"model": "admission.studentforms", "pk": 121, "fields": {"serial_number": "SNxSZ109", "pin_code": "D15Ck6q6", "form_type": 1, "cost": 110, "candidate_name": null, "candidate_phone_number": null, "sales_point": null, "sales_point_location": null, "sales_agent": null, "academic_year": "2020/2021", "timestamp": "2021-11-22T12:01:09.657Z", "updated_at": "2021-11-22T12:01:09.657Z", "status": "new", "is_current": true}}, {"model": "admission.studentforms", "pk": 122, "fields": {"serial_number": "SNBXC110", "pin_code": "L5x6p69d", "form_type": 1, "cost": 110, "candidate_name": null, "candidate_phone_number": null, "sales_point": null, "sales_point_location": null, "sales_agent": null, "academic_year": "2020/2021", "timestamp": "2021-11-22T12:01:09.657Z", "updated_at": "2021-11-22T12:01:09.657Z", "status": "new", "is_current": true}}, {"model": "admission.studentforms", "pk": 123, "fields": {"serial_number": "SNBly111", "pin_code": "1r03vd6q", "form_type": 1, "cost": 110, "candidate_name": null, "candidate_phone_number": null, "sales_point": null, "sales_point_location": null, "sales_agent": null, "academic_year": "2020/2021", "timestamp": "2021-11-22T12:01:09.657Z", "updated_at": "2021-11-22T12:01:09.657Z", "status": "new", "is_current": true}}, {"model": "admission.studentforms", "pk": 124, "fields": {"serial_number": "SNvAE112", "pin_code": "ym84H9R6", "form_type": 1, "cost": 110, "candidate_name": null, "candidate_phone_number": null, "sales_point": null, "sales_point_location": null, "sales_agent": null, "academic_year": "2020/2021", "timestamp": "2021-11-22T12:01:09.657Z", "updated_at": "2021-11-22T12:01:09.657Z", "status": "new", "is_current": true}}, {"model": "admission.studentforms", "pk": 125, "fields": {"serial_number": "SNhSn113", "pin_code": "Or5417dV", "form_type": 1, "cost": 110, "candidate_name": null, "candidate_phone_number": null, "sales_point": null, "sales_point_location": null, "sales_agent": null, "academic_year": "2020/2021", "timestamp": "2021-11-22T12:01:09.657Z", "updated_at": "2021-11-22T12:01:09.657Z", "status": "new", "is_current": true}}, {"model": "admission.studentforms", "pk": 126, "fields": {"serial_number": "SNCNC114", "pin_code": "oQ07Sb05", "form_type": 1, "cost": 110, "candidate_name": null, "candidate_phone_number": null, "sales_point": null, "sales_point_location": null, "sales_agent": null, "academic_year": "2020/2021", "timestamp": "2021-11-22T12:01:09.657Z", "updated_at": "2021-11-22T12:01:09.657Z", "status": "new", "is_current": true}}, {"model": "admission.studentforms", "pk": 127, "fields": {"serial_number": "SNVdo115", "pin_code": "Ea26Sj43", "form_type": 1, "cost": 110, "candidate_name": null, "candidate_phone_number": null, "sales_point": null, "sales_point_location": null, "sales_agent": null, "academic_year": "2020/2021", "timestamp": "2021-11-22T12:01:09.657Z", "updated_at": "2021-11-22T12:01:09.657Z", "status": "new", "is_current": true}}, {"model": "admission.studentforms", "pk": 128, "fields": {"serial_number": "SNejv116", "pin_code": "91NhO5V4", "form_type": 1, "cost": 110, "candidate_name": null, "candidate_phone_number": null, "sales_point": null, "sales_point_location": null, "sales_agent": null, "academic_year": "2020/2021", "timestamp": "2021-11-22T12:01:09.657Z", "updated_at": "2021-11-22T12:01:09.657Z", "status": "new", "is_current": true}}, {"model": "admission.studentforms", "pk": 129, "fields": {"serial_number": "SNWrd117", "pin_code": "4m21zuM2", "form_type": 1, "cost": 110, "candidate_name": null, "candidate_phone_number": null, "sales_point": null, "sales_point_location": null, "sales_agent": null, "academic_year": "2020/2021", "timestamp": "2021-11-22T12:01:09.658Z", "updated_at": "2021-11-22T12:01:09.658Z", "status": "new", "is_current": true}}, {"model": "admission.studentforms", "pk": 130, "fields": {"serial_number": "SNgES118", "pin_code": "70fK0Ic1", "form_type": 1, "cost": 110, "candidate_name": null, "candidate_phone_number": null, "sales_point": null, "sales_point_location": null, "sales_agent": null, "academic_year": "2020/2021", "timestamp": "2021-11-22T12:01:09.658Z", "updated_at": "2021-11-22T12:01:09.658Z", "status": "new", "is_current": true}}, {"model": "admission.studentforms", "pk": 131, "fields": {"serial_number": "SNpFl119", "pin_code": "9g3e47AO", "form_type": 1, "cost": 110, "candidate_name": null, "candidate_phone_number": null, "sales_point": null, "sales_point_location": null, "sales_agent": null, "academic_year": "2020/2021", "timestamp": "2021-11-22T12:01:09.658Z", "updated_at": "2021-11-22T12:01:09.658Z", "status": "new", "is_current": true}}, {"model": "admission.studentforms", "pk": 132, "fields": {"serial_number": "SNqFJ120", "pin_code": "LvV170Q1", "form_type": 1, "cost": 110, "candidate_name": null, "candidate_phone_number": null, "sales_point": null, "sales_point_location": null, "sales_agent": null, "academic_year": "2020/2021", "timestamp": "2021-11-22T12:01:09.658Z", "updated_at": "2021-11-22T12:01:09.658Z", "status": "new", "is_current": true}}, {"model": "admission.studentforms", "pk": 133, "fields": {"serial_number": "SNVhC121", "pin_code": "2P42W2cw", "form_type": 1, "cost": 110, "candidate_name": null, "candidate_phone_number": null, "sales_point": null, "sales_point_location": null, "sales_agent": null, "academic_year": "2020/2021", "timestamp": "2021-11-22T12:01:09.658Z", "updated_at": "2021-11-22T12:01:09.658Z", "status": "new", "is_current": true}}, {"model": "admission.studentforms", "pk": 134, "fields": {"serial_number": "SNwVN122", "pin_code": "Kg1R2k14", "form_type": 1, "cost": 110, "candidate_name": null, "candidate_phone_number": null, "sales_point": null, "sales_point_location": null, "sales_agent": null, "academic_year": "2020/2021", "timestamp": "2021-11-22T12:01:09.658Z", "updated_at": "2021-11-22T12:01:09.658Z", "status": "new", "is_current": true}}, {"model": "admission.studentforms", "pk": 135, "fields": {"serial_number": "SNvMx123", "pin_code": "BR6sl934", "form_type": 1, "cost": 110, "candidate_name": null, "candidate_phone_number": null, "sales_point": null, "sales_point_location": null, "sales_agent": null, "academic_year": "2020/2021", "timestamp": "2021-11-22T12:01:09.658Z", "updated_at": "2021-11-22T12:01:09.658Z", "status": "new", "is_current": true}}, {"model": "admission.studentforms", "pk": 136, "fields": {"serial_number": "SNLBy124", "pin_code": "OO457C4C", "form_type": 1, "cost": 110, "candidate_name": null, "candidate_phone_number": null, "sales_point": null, "sales_point_location": null, "sales_agent": null, "academic_year": "2020/2021", "timestamp": "2021-11-22T12:01:09.658Z", "updated_at": "2021-11-22T12:01:09.658Z", "status": "new", "is_current": true}}, {"model": "admission.studentforms", "pk": 137, "fields": {"serial_number": "SNwez125", "pin_code": "258Ipck7", "form_type": 1, "cost": 110, "candidate_name": null, "candidate_phone_number": null, "sales_point": null, "sales_point_location": null, "sales_agent": null, "academic_year": "2020/2021", "timestamp": "2021-11-22T12:01:09.659Z", "updated_at": "2021-11-22T12:01:09.659Z", "status": "new", "is_current": true}}, {"model": "admission.studentforms", "pk": 138, "fields": {"serial_number": "SNiVu126", "pin_code": "2E14Uw1E", "form_type": 1, "cost": 110, "candidate_name": null, "candidate_phone_number": null, "sales_point": null, "sales_point_location": null, "sales_agent": null, "academic_year": "2020/2021", "timestamp": "2021-11-22T12:01:09.659Z", "updated_at": "2021-11-22T12:01:09.659Z", "status": "new", "is_current": true}}, {"model": "admission.studentforms", "pk": 139, "fields": {"serial_number": "SNQIy127", "pin_code": "W55n4z2D", "form_type": 1, "cost": 110, "candidate_name": null, "candidate_phone_number": null, "sales_point": null, "sales_point_location": null, "sales_agent": null, "academic_year": "2020/2021", "timestamp": "2021-11-22T12:01:09.659Z", "updated_at": "2021-11-22T12:01:09.659Z", "status": "new", "is_current": true}}, {"model": "admission.studentforms", "pk": 140, "fields": {"serial_number": "SNxXc128", "pin_code": "4jF99I1l", "form_type": 1, "cost": 110, "candidate_name": null, "candidate_phone_number": null, "sales_point": null, "sales_point_location": null, "sales_agent": null, "academic_year": "2020/2021", "timestamp": "2021-11-22T12:01:09.659Z", "updated_at": "2021-11-22T12:01:09.659Z", "status": "new", "is_current": true}}, {"model": "admission.studentforms", "pk": 141, "fields": {"serial_number": "SNWuh129", "pin_code": "pG6X2g66", "form_type": 1, "cost": 110, "candidate_name": null, "candidate_phone_number": null, "sales_point": null, "sales_point_location": null, "sales_agent": null, "academic_year": "2020/2021", "timestamp": "2021-11-22T12:01:09.659Z", "updated_at": "2021-11-22T12:01:09.659Z", "status": "new", "is_current": true}}, {"model": "admission.studentforms", "pk": 142, "fields": {"serial_number": "SNsxX130", "pin_code": "rRZ39b13", "form_type": 1, "cost": 110, "candidate_name": null, "candidate_phone_number": null, "sales_point": null, "sales_point_location": null, "sales_agent": null, "academic_year": "2020/2021", "timestamp": "2021-11-22T12:01:09.659Z", "updated_at": "2021-11-22T12:01:09.659Z", "status": "new", "is_current": true}}, {"model": "admission.studentforms", "pk": 143, "fields": {"serial_number": "SNmLK131", "pin_code": "c6A10k2S", "form_type": 1, "cost": 110, "candidate_name": null, "candidate_phone_number": null, "sales_point": null, "sales_point_location": null, "sales_agent": null, "academic_year": "2020/2021", "timestamp": "2021-11-22T12:01:09.659Z", "updated_at": "2021-11-22T12:01:09.659Z", "status": "new", "is_current": true}}, {"model": "admission.studentforms", "pk": 144, "fields": {"serial_number": "SNUou132", "pin_code": "rar1y690", "form_type": 1, "cost": 110, "candidate_name": null, "candidate_phone_number": null, "sales_point": null, "sales_point_location": null, "sales_agent": null, "academic_year": "2020/2021", "timestamp": "2021-11-22T12:01:09.659Z", "updated_at": "2021-11-22T12:01:09.659Z", "status": "new", "is_current": true}}, {"model": "admission.studentforms", "pk": 145, "fields": {"serial_number": "SNOEb133", "pin_code": "v80hK0Z4", "form_type": 1, "cost": 110, "candidate_name": null, "candidate_phone_number": null, "sales_point": null, "sales_point_location": null, "sales_agent": null, "academic_year": "2020/2021", "timestamp": "2021-11-22T12:01:09.659Z", "updated_at": "2021-11-22T12:01:09.659Z", "status": "new", "is_current": true}}, {"model": "admission.studentforms", "pk": 146, "fields": {"serial_number": "SNXYO134", "pin_code": "Od236oW0", "form_type": 1, "cost": 110, "candidate_name": null, "candidate_phone_number": null, "sales_point": null, "sales_point_location": null, "sales_agent": null, "academic_year": "2020/2021", "timestamp": "2021-11-22T12:01:09.659Z", "updated_at": "2021-11-22T12:01:09.659Z", "status": "new", "is_current": true}}, {"model": "admission.studentforms", "pk": 147, "fields": {"serial_number": "SNDxC135", "pin_code": "Ax1364FS", "form_type": 1, "cost": 110, "candidate_name": null, "candidate_phone_number": null, "sales_point": null, "sales_point_location": null, "sales_agent": null, "academic_year": "2020/2021", "timestamp": "2021-11-22T12:01:09.659Z", "updated_at": "2021-11-22T12:01:09.659Z", "status": "new", "is_current": true}}, {"model": "admission.studentforms", "pk": 148, "fields": {"serial_number": "SNvsv136", "pin_code": "e0Z58n7H", "form_type": 1, "cost": 110, "candidate_name": null, "candidate_phone_number": null, "sales_point": null, "sales_point_location": null, "sales_agent": null, "academic_year": "2020/2021", "timestamp": "2021-11-22T12:01:09.660Z", "updated_at": "2021-11-22T12:01:09.660Z", "status": "new", "is_current": true}}, {"model": "admission.studentforms", "pk": 149, "fields": {"serial_number": "SNguW137", "pin_code": "3vl90f5A", "form_type": 1, "cost": 110, "candidate_name": null, "candidate_phone_number": null, "sales_point": null, "sales_point_location": null, "sales_agent": null, "academic_year": "2020/2021", "timestamp": "2021-11-22T12:01:09.660Z", "updated_at": "2021-11-22T12:01:09.660Z", "status": "new", "is_current": true}}, {"model": "admission.studentforms", "pk": 150, "fields": {"serial_number": "SNGGB138", "pin_code": "06JE5M0a", "form_type": 1, "cost": 110, "candidate_name": null, "candidate_phone_number": null, "sales_point": null, "sales_point_location": null, "sales_agent": null, "academic_year": "2020/2021", "timestamp": "2021-11-22T12:01:09.660Z", "updated_at": "2021-11-22T12:01:09.660Z", "status": "new", "is_current": true}}, {"model": "admission.studentforms", "pk": 151, "fields": {"serial_number": "SNRqm139", "pin_code": "Z924N9NX", "form_type": 1, "cost": 110, "candidate_name": null, "candidate_phone_number": null, "sales_point": null, "sales_point_location": null, "sales_agent": null, "academic_year": "2020/2021", "timestamp": "2021-11-22T12:01:09.660Z", "updated_at": "2021-11-22T12:01:09.660Z", "status": "new", "is_current": true}}, {"model": "admission.studentforms", "pk": 152, "fields": {"serial_number": "SNcob140", "pin_code": "w5I89V0L", "form_type": 1, "cost": 110, "candidate_name": null, "candidate_phone_number": null, "sales_point": null, "sales_point_location": null, "sales_agent": null, "academic_year": "2020/2021", "timestamp": "2021-11-22T12:01:09.660Z", "updated_at": "2021-11-22T12:01:09.660Z", "status": "new", "is_current": true}}, {"model": "admission.studentforms", "pk": 153, "fields": {"serial_number": "SNrYq141", "pin_code": "x63K8PW0", "form_type": 1, "cost": 110, "candidate_name": null, "candidate_phone_number": null, "sales_point": null, "sales_point_location": null, "sales_agent": null, "academic_year": "2020/2021", "timestamp": "2021-11-22T12:01:09.660Z", "updated_at": "2021-11-22T12:01:09.660Z", "status": "new", "is_current": true}}, {"model": "admission.studentforms", "pk": 154, "fields": {"serial_number": "SNlrC142", "pin_code": "a0uq60S1", "form_type": 1, "cost": 110, "candidate_name": null, "candidate_phone_number": null, "sales_point": null, "sales_point_location": null, "sales_agent": null, "academic_year": "2020/2021", "timestamp": "2021-11-22T12:01:09.665Z", "updated_at": "2021-11-22T12:01:09.665Z", "status": "new", "is_current": true}}, {"model": "admission.studentforms", "pk": 155, "fields": {"serial_number": "SNXIb143", "pin_code": "6I35cIz8", "form_type": 1, "cost": 110, "candidate_name": null, "candidate_phone_number": null, "sales_point": null, "sales_point_location": null, "sales_agent": null, "academic_year": "2020/2021", "timestamp": "2021-11-22T12:01:09.666Z", "updated_at": "2021-11-22T12:01:09.666Z", "status": "new", "is_current": true}}, {"model": "admission.studentforms", "pk": 156, "fields": {"serial_number": "SNute144", "pin_code": "57R1G0JD", "form_type": 1, "cost": 110, "candidate_name": null, "candidate_phone_number": null, "sales_point": null, "sales_point_location": null, "sales_agent": null, "academic_year": "2020/2021", "timestamp": "2021-11-22T12:01:09.666Z", "updated_at": "2021-11-22T12:01:09.666Z", "status": "new", "is_current": true}}, {"model": "admission.studentforms", "pk": 157, "fields": {"serial_number": "SNGcH145", "pin_code": "9i1tzJ00", "form_type": 1, "cost": 110, "candidate_name": null, "candidate_phone_number": null, "sales_point": null, "sales_point_location": null, "sales_agent": null, "academic_year": "2020/2021", "timestamp": "2021-11-22T12:01:09.666Z", "updated_at": "2021-11-22T12:01:09.666Z", "status": "new", "is_current": true}}, {"model": "admission.studentforms", "pk": 158, "fields": {"serial_number": "SNUhj146", "pin_code": "22nUZ68G", "form_type": 1, "cost": 110, "candidate_name": null, "candidate_phone_number": null, "sales_point": null, "sales_point_location": null, "sales_agent": null, "academic_year": "2020/2021", "timestamp": "2021-11-22T12:01:09.666Z", "updated_at": "2021-11-22T12:01:09.666Z", "status": "new", "is_current": true}}, {"model": "admission.studentforms", "pk": 159, "fields": {"serial_number": "SNqur147", "pin_code": "s9fE967D", "form_type": 1, "cost": 110, "candidate_name": null, "candidate_phone_number": null, "sales_point": null, "sales_point_location": null, "sales_agent": null, "academic_year": "2020/2021", "timestamp": "2021-11-22T12:01:09.666Z", "updated_at": "2021-11-22T12:01:09.666Z", "status": "new", "is_current": true}}, {"model": "admission.studentforms", "pk": 160, "fields": {"serial_number": "SNsFY148", "pin_code": "a9974LwO", "form_type": 1, "cost": 110, "candidate_name": null, "candidate_phone_number": null, "sales_point": null, "sales_point_location": null, "sales_agent": null, "academic_year": "2020/2021", "timestamp": "2021-11-22T12:01:09.666Z", "updated_at": "2021-11-22T12:01:09.666Z", "status": "new", "is_current": true}}, {"model": "admission.studentforms", "pk": 161, "fields": {"serial_number": "SNxCm149", "pin_code": "5Vxp745Q", "form_type": 1, "cost": 110, "candidate_name": null, "candidate_phone_number": null, "sales_point": null, "sales_point_location": null, "sales_agent": null, "academic_year": "2020/2021", "timestamp": "2021-11-22T12:01:09.666Z", "updated_at": "2021-11-22T12:01:09.666Z", "status": "new", "is_current": true}}, {"model": "admission.studentforms", "pk": 162, "fields": {"serial_number": "SNnGp150", "pin_code": "7VOl83C8", "form_type": 1, "cost": 110, "candidate_name": null, "candidate_phone_number": null, "sales_point": null, "sales_point_location": null, "sales_agent": null, "academic_year": "2020/2021", "timestamp": "2021-11-22T12:01:09.666Z", "updated_at": "2021-11-22T12:01:09.666Z", "status": "new", "is_current": true}}, {"model": "admission.studentforms", "pk": 163, "fields": {"serial_number": "SNRdR151", "pin_code": "2200YffM", "form_type": 1, "cost": 110, "candidate_name": null, "candidate_phone_number": null, "sales_point": null, "sales_point_location": null, "sales_agent": null, "academic_year": "2020/2021", "timestamp": "2021-11-22T12:01:09.666Z", "updated_at": "2021-11-22T12:01:09.666Z", "status": "new", "is_current": true}}, {"model": "admission.studentforms", "pk": 164, "fields": {"serial_number": "SNHQA152", "pin_code": "f21bC1C3", "form_type": 1, "cost": 110, "candidate_name": null, "candidate_phone_number": null, "sales_point": null, "sales_point_location": null, "sales_agent": null, "academic_year": "2020/2021", "timestamp": "2021-11-22T12:01:09.666Z", "updated_at": "2021-11-22T12:01:09.666Z", "status": "new", "is_current": true}}, {"model": "admission.studentforms", "pk": 165, "fields": {"serial_number": "SNjJg153", "pin_code": "4C4lX61n", "form_type": 1, "cost": 110, "candidate_name": null, "candidate_phone_number": null, "sales_point": null, "sales_point_location": null, "sales_agent": null, "academic_year": "2020/2021", "timestamp": "2021-11-22T12:01:09.666Z", "updated_at": "2021-11-22T12:01:09.666Z", "status": "new", "is_current": true}}, {"model": "admission.studentforms", "pk": 166, "fields": {"serial_number": "SNlVY154", "pin_code": "urL0929O", "form_type": 1, "cost": 110, "candidate_name": null, "candidate_phone_number": null, "sales_point": null, "sales_point_location": null, "sales_agent": null, "academic_year": "2020/2021", "timestamp": "2021-11-22T12:01:09.666Z", "updated_at": "2021-11-22T12:01:09.666Z", "status": "new", "is_current": true}}, {"model": "admission.studentforms", "pk": 167, "fields": {"serial_number": "SNMIa155", "pin_code": "99UGJB78", "form_type": 1, "cost": 110, "candidate_name": null, "candidate_phone_number": null, "sales_point": null, "sales_point_location": null, "sales_agent": null, "academic_year": "2020/2021", "timestamp": "2021-11-22T12:01:09.666Z", "updated_at": "2021-11-22T12:01:09.666Z", "status": "new", "is_current": true}}, {"model": "admission.studentforms", "pk": 168, "fields": {"serial_number": "SNmvL156", "pin_code": "64qup5M3", "form_type": 1, "cost": 110, "candidate_name": null, "candidate_phone_number": null, "sales_point": null, "sales_point_location": null, "sales_agent": null, "academic_year": "2020/2021", "timestamp": "2021-11-22T12:01:09.666Z", "updated_at": "2021-11-22T12:01:09.666Z", "status": "new", "is_current": true}}, {"model": "admission.studentforms", "pk": 169, "fields": {"serial_number": "SNLhA157", "pin_code": "VZ4l78C1", "form_type": 1, "cost": 110, "candidate_name": null, "candidate_phone_number": null, "sales_point": null, "sales_point_location": null, "sales_agent": null, "academic_year": "2020/2021", "timestamp": "2021-11-22T12:01:09.666Z", "updated_at": "2021-11-22T12:01:09.666Z", "status": "new", "is_current": true}}, {"model": "admission.studentforms", "pk": 170, "fields": {"serial_number": "SNMYf158", "pin_code": "66uB40br", "form_type": 1, "cost": 110, "candidate_name": null, "candidate_phone_number": null, "sales_point": null, "sales_point_location": null, "sales_agent": null, "academic_year": "2020/2021", "timestamp": "2021-11-22T12:01:09.666Z", "updated_at": "2021-11-22T12:01:09.666Z", "status": "new", "is_current": true}}, {"model": "admission.studentforms", "pk": 171, "fields": {"serial_number": "SNpwm159", "pin_code": "1BX8Li65", "form_type": 1, "cost": 110, "candidate_name": null, "candidate_phone_number": null, "sales_point": null, "sales_point_location": null, "sales_agent": null, "academic_year": "2020/2021", "timestamp": "2021-11-22T12:01:09.666Z", "updated_at": "2021-11-22T12:01:09.666Z", "status": "new", "is_current": true}}, {"model": "admission.studentforms", "pk": 172, "fields": {"serial_number": "SNJmU160", "pin_code": "9w49Tlp8", "form_type": 1, "cost": 110, "candidate_name": null, "candidate_phone_number": null, "sales_point": null, "sales_point_location": null, "sales_agent": null, "academic_year": "2020/2021", "timestamp": "2021-11-22T12:01:09.666Z", "updated_at": "2021-11-22T12:01:09.666Z", "status": "new", "is_current": true}}, {"model": "admission.studentforms", "pk": 173, "fields": {"serial_number": "SNINZ161", "pin_code": "O3r1o65u", "form_type": 1, "cost": 110, "candidate_name": null, "candidate_phone_number": null, "sales_point": null, "sales_point_location": null, "sales_agent": null, "academic_year": "2020/2021", "timestamp": "2021-11-22T12:01:09.667Z", "updated_at": "2021-11-22T12:01:09.667Z", "status": "new", "is_current": true}}, {"model": "admission.studentforms", "pk": 174, "fields": {"serial_number": "SNIWK162", "pin_code": "F7K577Ml", "form_type": 1, "cost": 110, "candidate_name": null, "candidate_phone_number": null, "sales_point": null, "sales_point_location": null, "sales_agent": null, "academic_year": "2020/2021", "timestamp": "2021-11-22T12:01:09.667Z", "updated_at": "2021-11-22T12:01:09.667Z", "status": "new", "is_current": true}}, {"model": "admission.studentforms", "pk": 175, "fields": {"serial_number": "SNUur163", "pin_code": "6732VUzS", "form_type": 1, "cost": 110, "candidate_name": null, "candidate_phone_number": null, "sales_point": null, "sales_point_location": null, "sales_agent": null, "academic_year": "2020/2021", "timestamp": "2021-11-22T12:01:09.667Z", "updated_at": "2021-11-22T12:01:09.667Z", "status": "new", "is_current": true}}, {"model": "admission.studentforms", "pk": 176, "fields": {"serial_number": "SNCoV164", "pin_code": "L544p9Fp", "form_type": 1, "cost": 110, "candidate_name": null, "candidate_phone_number": null, "sales_point": null, "sales_point_location": null, "sales_agent": null, "academic_year": "2020/2021", "timestamp": "2021-11-22T12:01:09.667Z", "updated_at": "2021-11-22T12:01:09.667Z", "status": "new", "is_current": true}}, {"model": "admission.studentforms", "pk": 177, "fields": {"serial_number": "SNyPK165", "pin_code": "d0510mjE", "form_type": 1, "cost": 110, "candidate_name": null, "candidate_phone_number": null, "sales_point": null, "sales_point_location": null, "sales_agent": null, "academic_year": "2020/2021", "timestamp": "2021-11-22T12:01:09.667Z", "updated_at": "2021-11-22T12:01:09.667Z", "status": "new", "is_current": true}}, {"model": "admission.studentforms", "pk": 178, "fields": {"serial_number": "SNCBv166", "pin_code": "OR46s3G9", "form_type": 1, "cost": 110, "candidate_name": null, "candidate_phone_number": null, "sales_point": null, "sales_point_location": null, "sales_agent": null, "academic_year": "2020/2021", "timestamp": "2021-11-22T12:01:09.667Z", "updated_at": "2021-11-22T12:01:09.667Z", "status": "new", "is_current": true}}, {"model": "admission.studentforms", "pk": 179, "fields": {"serial_number": "SNrAV167", "pin_code": "xg16H5Y6", "form_type": 1, "cost": 110, "candidate_name": null, "candidate_phone_number": null, "sales_point": null, "sales_point_location": null, "sales_agent": null, "academic_year": "2020/2021", "timestamp": "2021-11-22T12:01:09.667Z", "updated_at": "2021-11-22T12:01:09.667Z", "status": "new", "is_current": true}}, {"model": "admission.studentforms", "pk": 180, "fields": {"serial_number": "SNDBk168", "pin_code": "QwHk1943", "form_type": 1, "cost": 110, "candidate_name": null, "candidate_phone_number": null, "sales_point": null, "sales_point_location": null, "sales_agent": null, "academic_year": "2020/2021", "timestamp": "2021-11-22T12:01:09.667Z", "updated_at": "2021-11-22T12:01:09.667Z", "status": "new", "is_current": true}}, {"model": "admission.studentforms", "pk": 181, "fields": {"serial_number": "SNpdf169", "pin_code": "EM7k12L6", "form_type": 1, "cost": 110, "candidate_name": null, "candidate_phone_number": null, "sales_point": null, "sales_point_location": null, "sales_agent": null, "academic_year": "2020/2021", "timestamp": "2021-11-22T12:01:09.667Z", "updated_at": "2021-11-22T12:01:09.667Z", "status": "new", "is_current": true}}, {"model": "admission.studentforms", "pk": 182, "fields": {"serial_number": "SNtdZ170", "pin_code": "Rm1o105W", "form_type": 1, "cost": 110, "candidate_name": null, "candidate_phone_number": null, "sales_point": null, "sales_point_location": null, "sales_agent": null, "academic_year": "2020/2021", "timestamp": "2021-11-22T12:01:09.667Z", "updated_at": "2021-11-22T12:01:09.667Z", "status": "new", "is_current": true}}, {"model": "admission.studentforms", "pk": 183, "fields": {"serial_number": "SNlsa171", "pin_code": "33f58hRX", "form_type": 1, "cost": 110, "candidate_name": null, "candidate_phone_number": null, "sales_point": null, "sales_point_location": null, "sales_agent": null, "academic_year": "2020/2021", "timestamp": "2021-11-22T12:01:09.667Z", "updated_at": "2021-11-22T12:01:09.667Z", "status": "new", "is_current": true}}, {"model": "admission.studentforms", "pk": 184, "fields": {"serial_number": "SNdzL172", "pin_code": "zI8158jB", "form_type": 1, "cost": 110, "candidate_name": null, "candidate_phone_number": null, "sales_point": null, "sales_point_location": null, "sales_agent": null, "academic_year": "2020/2021", "timestamp": "2021-11-22T12:01:09.667Z", "updated_at": "2021-11-22T12:01:09.667Z", "status": "new", "is_current": true}}, {"model": "admission.studentforms", "pk": 185, "fields": {"serial_number": "SNoPF173", "pin_code": "1u0hP1J8", "form_type": 1, "cost": 110, "candidate_name": null, "candidate_phone_number": null, "sales_point": null, "sales_point_location": null, "sales_agent": null, "academic_year": "2020/2021", "timestamp": "2021-11-22T12:01:09.667Z", "updated_at": "2021-11-22T12:01:09.667Z", "status": "new", "is_current": true}}, {"model": "admission.studentforms", "pk": 186, "fields": {"serial_number": "SNhyC174", "pin_code": "G90Dp9P4", "form_type": 1, "cost": 110, "candidate_name": null, "candidate_phone_number": null, "sales_point": null, "sales_point_location": null, "sales_agent": null, "academic_year": "2020/2021", "timestamp": "2021-11-22T12:01:09.668Z", "updated_at": "2021-11-22T12:01:09.668Z", "status": "new", "is_current": true}}, {"model": "admission.studentforms", "pk": 187, "fields": {"serial_number": "SNuCV175", "pin_code": "276Zfi3K", "form_type": 1, "cost": 110, "candidate_name": null, "candidate_phone_number": null, "sales_point": null, "sales_point_location": null, "sales_agent": null, "academic_year": "2020/2021", "timestamp": "2021-11-22T12:01:09.668Z", "updated_at": "2021-11-22T12:01:09.668Z", "status": "new", "is_current": true}}, {"model": "admission.studentforms", "pk": 188, "fields": {"serial_number": "SNHop176", "pin_code": "g93gE5X9", "form_type": 1, "cost": 110, "candidate_name": null, "candidate_phone_number": null, "sales_point": null, "sales_point_location": null, "sales_agent": null, "academic_year": "2020/2021", "timestamp": "2021-11-22T12:01:09.668Z", "updated_at": "2021-11-22T12:01:09.668Z", "status": "new", "is_current": true}}, {"model": "admission.studentforms", "pk": 189, "fields": {"serial_number": "SNLNo177", "pin_code": "7H06RA9z", "form_type": 1, "cost": 110, "candidate_name": null, "candidate_phone_number": null, "sales_point": null, "sales_point_location": null, "sales_agent": null, "academic_year": "2020/2021", "timestamp": "2021-11-22T12:01:09.668Z", "updated_at": "2021-11-22T12:01:09.668Z", "status": "new", "is_current": true}}, {"model": "admission.studentforms", "pk": 190, "fields": {"serial_number": "SNQPo178", "pin_code": "3cz2od54", "form_type": 1, "cost": 110, "candidate_name": null, "candidate_phone_number": null, "sales_point": null, "sales_point_location": null, "sales_agent": null, "academic_year": "2020/2021", "timestamp": "2021-11-22T12:01:09.668Z", "updated_at": "2021-11-22T12:01:09.668Z", "status": "new", "is_current": true}}, {"model": "admission.studentforms", "pk": 191, "fields": {"serial_number": "SNBSl179", "pin_code": "N7c2p49O", "form_type": 1, "cost": 110, "candidate_name": null, "candidate_phone_number": null, "sales_point": null, "sales_point_location": null, "sales_agent": null, "academic_year": "2020/2021", "timestamp": "2021-11-22T12:01:09.668Z", "updated_at": "2021-11-22T12:01:09.668Z", "status": "new", "is_current": true}}, {"model": "admission.studentforms", "pk": 192, "fields": {"serial_number": "SNOjW180", "pin_code": "002p2KPL", "form_type": 1, "cost": 110, "candidate_name": null, "candidate_phone_number": null, "sales_point": null, "sales_point_location": null, "sales_agent": null, "academic_year": "2020/2021", "timestamp": "2021-11-22T12:01:09.668Z", "updated_at": "2021-11-22T12:01:09.668Z", "status": "new", "is_current": true}}, {"model": "admission.studentforms", "pk": 193, "fields": {"serial_number": "SNklo181", "pin_code": "1aC5K9o8", "form_type": 1, "cost": 110, "candidate_name": null, "candidate_phone_number": null, "sales_point": null, "sales_point_location": null, "sales_agent": null, "academic_year": "2020/2021", "timestamp": "2021-11-22T12:01:09.668Z", "updated_at": "2021-11-22T12:01:09.668Z", "status": "new", "is_current": true}}, {"model": "admission.studentforms", "pk": 194, "fields": {"serial_number": "SNSZA182", "pin_code": "3X0Q04ZR", "form_type": 1, "cost": 110, "candidate_name": null, "candidate_phone_number": null, "sales_point": null, "sales_point_location": null, "sales_agent": null, "academic_year": "2020/2021", "timestamp": "2021-11-22T12:01:09.668Z", "updated_at": "2021-11-22T12:01:09.668Z", "status": "new", "is_current": true}}, {"model": "admission.studentforms", "pk": 195, "fields": {"serial_number": "SNWhh183", "pin_code": "t0bv19S6", "form_type": 1, "cost": 110, "candidate_name": null, "candidate_phone_number": null, "sales_point": null, "sales_point_location": null, "sales_agent": null, "academic_year": "2020/2021", "timestamp": "2021-11-22T12:01:09.668Z", "updated_at": "2021-11-22T12:01:09.668Z", "status": "new", "is_current": true}}, {"model": "admission.studentforms", "pk": 196, "fields": {"serial_number": "SNCUc184", "pin_code": "115Vz2jb", "form_type": 1, "cost": 110, "candidate_name": null, "candidate_phone_number": null, "sales_point": null, "sales_point_location": null, "sales_agent": null, "academic_year": "2020/2021", "timestamp": "2021-11-22T12:01:09.668Z", "updated_at": "2021-11-22T12:01:09.668Z", "status": "new", "is_current": true}}, {"model": "admission.studentforms", "pk": 197, "fields": {"serial_number": "SNNqP185", "pin_code": "2W1JU6l6", "form_type": 1, "cost": 110, "candidate_name": null, "candidate_phone_number": null, "sales_point": null, "sales_point_location": null, "sales_agent": null, "academic_year": "2020/2021", "timestamp": "2021-11-22T12:01:09.668Z", "updated_at": "2021-11-22T12:01:09.668Z", "status": "new", "is_current": true}}, {"model": "admission.studentforms", "pk": 198, "fields": {"serial_number": "SNusG186", "pin_code": "5RM23RU8", "form_type": 1, "cost": 110, "candidate_name": null, "candidate_phone_number": null, "sales_point": null, "sales_point_location": null, "sales_agent": null, "academic_year": "2020/2021", "timestamp": "2021-11-22T12:01:09.668Z", "updated_at": "2021-11-22T12:01:09.668Z", "status": "new", "is_current": true}}, {"model": "admission.studentforms", "pk": 199, "fields": {"serial_number": "SNkPh187", "pin_code": "I5b07dQ8", "form_type": 1, "cost": 110, "candidate_name": null, "candidate_phone_number": null, "sales_point": null, "sales_point_location": null, "sales_agent": null, "academic_year": "2020/2021", "timestamp": "2021-11-22T12:01:09.668Z", "updated_at": "2021-11-22T12:01:09.668Z", "status": "new", "is_current": true}}, {"model": "admission.studentforms", "pk": 200, "fields": {"serial_number": "SNkVq188", "pin_code": "J5y1p7y3", "form_type": 1, "cost": 110, "candidate_name": null, "candidate_phone_number": null, "sales_point": null, "sales_point_location": null, "sales_agent": null, "academic_year": "2020/2021", "timestamp": "2021-11-22T12:01:09.668Z", "updated_at": "2021-11-22T12:01:09.668Z", "status": "new", "is_current": true}}, {"model": "admission.studentforms", "pk": 201, "fields": {"serial_number": "SNAFS189", "pin_code": "M7l7E6N3", "form_type": 1, "cost": 110, "candidate_name": null, "candidate_phone_number": null, "sales_point": null, "sales_point_location": null, "sales_agent": null, "academic_year": "2020/2021", "timestamp": "2021-11-22T12:01:09.668Z", "updated_at": "2021-11-22T12:01:09.668Z", "status": "new", "is_current": true}}, {"model": "admission.studentforms", "pk": 202, "fields": {"serial_number": "SNubb190", "pin_code": "g9GT0A73", "form_type": 1, "cost": 110, "candidate_name": null, "candidate_phone_number": null, "sales_point": null, "sales_point_location": null, "sales_agent": null, "academic_year": "2020/2021", "timestamp": "2021-11-22T12:01:09.669Z", "updated_at": "2021-11-22T12:01:09.669Z", "status": "new", "is_current": true}}, {"model": "admission.studentforms", "pk": 203, "fields": {"serial_number": "SNgIQ191", "pin_code": "l8XO59l7", "form_type": 1, "cost": 110, "candidate_name": null, "candidate_phone_number": null, "sales_point": null, "sales_point_location": null, "sales_agent": null, "academic_year": "2020/2021", "timestamp": "2021-11-22T12:01:09.669Z", "updated_at": "2021-11-22T12:01:09.669Z", "status": "new", "is_current": true}}, {"model": "admission.studentforms", "pk": 204, "fields": {"serial_number": "SNclf192", "pin_code": "X1TG6L92", "form_type": 1, "cost": 110, "candidate_name": null, "candidate_phone_number": null, "sales_point": null, "sales_point_location": null, "sales_agent": null, "academic_year": "2020/2021", "timestamp": "2021-11-22T12:01:09.669Z", "updated_at": "2021-11-22T12:01:09.669Z", "status": "new", "is_current": true}}, {"model": "admission.studentforms", "pk": 205, "fields": {"serial_number": "SNYPo193", "pin_code": "F8257fJK", "form_type": 1, "cost": 110, "candidate_name": null, "candidate_phone_number": null, "sales_point": null, "sales_point_location": null, "sales_agent": null, "academic_year": "2020/2021", "timestamp": "2021-11-22T12:01:09.669Z", "updated_at": "2021-11-22T12:01:09.669Z", "status": "new", "is_current": true}}, {"model": "admission.studentforms", "pk": 206, "fields": {"serial_number": "SNTFk194", "pin_code": "UT48Ln33", "form_type": 1, "cost": 110, "candidate_name": null, "candidate_phone_number": null, "sales_point": null, "sales_point_location": null, "sales_agent": null, "academic_year": "2020/2021", "timestamp": "2021-11-22T12:01:09.669Z", "updated_at": "2021-11-22T12:01:09.669Z", "status": "new", "is_current": true}}, {"model": "admission.studentforms", "pk": 207, "fields": {"serial_number": "SNaFs195", "pin_code": "T40oor38", "form_type": 1, "cost": 110, "candidate_name": null, "candidate_phone_number": null, "sales_point": null, "sales_point_location": null, "sales_agent": null, "academic_year": "2020/2021", "timestamp": "2021-11-22T12:01:09.669Z", "updated_at": "2021-11-22T12:01:09.669Z", "status": "new", "is_current": true}}, {"model": "admission.studentforms", "pk": 208, "fields": {"serial_number": "SNIrv196", "pin_code": "Kh51k72O", "form_type": 1, "cost": 110, "candidate_name": null, "candidate_phone_number": null, "sales_point": null, "sales_point_location": null, "sales_agent": null, "academic_year": "2020/2021", "timestamp": "2021-11-22T12:01:09.669Z", "updated_at": "2021-11-22T12:01:09.669Z", "status": "new", "is_current": true}}, {"model": "admission.studentforms", "pk": 209, "fields": {"serial_number": "SNesY197", "pin_code": "N4h905fV", "form_type": 1, "cost": 110, "candidate_name": null, "candidate_phone_number": null, "sales_point": null, "sales_point_location": null, "sales_agent": null, "academic_year": "2020/2021", "timestamp": "2021-11-22T12:01:09.669Z", "updated_at": "2021-11-22T12:01:09.669Z", "status": "new", "is_current": true}}, {"model": "admission.studentforms", "pk": 210, "fields": {"serial_number": "SNbse198", "pin_code": "208krMa7", "form_type": 1, "cost": 110, "candidate_name": null, "candidate_phone_number": null, "sales_point": null, "sales_point_location": null, "sales_agent": null, "academic_year": "2020/2021", "timestamp": "2021-11-22T12:01:09.669Z", "updated_at": "2021-11-22T12:01:09.669Z", "status": "new", "is_current": true}}, {"model": "admission.studentforms", "pk": 211, "fields": {"serial_number": "SNfjx199", "pin_code": "n7R47Hn7", "form_type": 1, "cost": 110, "candidate_name": null, "candidate_phone_number": null, "sales_point": null, "sales_point_location": null, "sales_agent": null, "academic_year": "2020/2021", "timestamp": "2021-11-22T12:01:09.669Z", "updated_at": "2021-11-22T12:01:09.669Z", "status": "new", "is_current": true}}, {"model": "student.student", "pk": 1, "fields": {"profile": 3, "admission_form": 1, "index_number": null}}, {"model": "student.studentprogrammechoice", "pk": 1, "fields": {"first_choice": 14, "second_choice": 15, "third_choice": 6, "student": 1}}, {"model": "student.admissioncertificate", "pk": 1, "fields": {"student": 1, "certificate_picture": ""}}, {"model": "student.certexamrecord", "pk": 265, "fields": {"certificate": 1, "subject": "English Language", "index_number": "37630000034", "examination_year": 2001, "school": "Ebenezer High School", "grade": "A", "examination_type": "school candidate"}}, {"model": "student.certexamrecord", "pk": 266, "fields": {"certificate": 1, "subject": "Social Studies", "index_number": "37630000034", "examination_year": 2001, "school": "Ebenezer High School", "grade": "C", "examination_type": "school candidate"}}, {"model": "student.certexamrecord", "pk": 267, "fields": {"certificate": 1, "subject": "Mathematics (Core)", "index_number": "37630000034", "examination_year": 2001, "school": "Ebenezer High School", "grade": "B", "examination_type": "school candidate"}}, {"model": "student.certexamrecord", "pk": 268, "fields": {"certificate": 1, "subject": "Elective Maths", "index_number": "37630000034", "examination_year": 2001, "school": "Ebenezer High School", "grade": "C", "examination_type": "school candidate"}}, {"model": "student.certexamrecord", "pk": 269, "fields": {"certificate": 1, "subject": "Integrated Science", "index_number": "37630000034", "examination_year": 2001, "school": "Ebenezer High School", "grade": "C", "examination_type": "school candidate"}}, {"model": "student.certexamrecord", "pk": 270, "fields": {"certificate": 1, "subject": "Biology", "index_number": "37630000034", "examination_year": 2001, "school": "Ebenezer High School", "grade": "A", "examination_type": "school candidate"}}, {"model": "student.certexamrecord", "pk": 271, "fields": {"certificate": 1, "subject": "Economics", "index_number": "37630000034", "examination_year": 2001, "school": "Ebenezer High School", "grade": "A", "examination_type": "school candidate"}}, {"model": "student.studentpreviouseducation", "pk": 1, "fields": {"student": 1, "school": "Ebenezer High School", "region": "Sunyani", "from_year": 2017, "to_year": 2020}}, {"model": "empoymentHistory.employmenthistorymodel", "pk": 1, "fields": {"has_history": false, "employee": 3, "company_name": null, "address": null, "state": null, "city": null, "specific_duty": "", "job_title": null, "supervisor": null, "employed_from": null, "employed_to": null, "why_leave": null}}, {"model": "sponsor.studentsponsor", "pk": 1, "fields": {"student": 1, "name": "Plug", "email": "wisdompaul@crs.com", "phone_number": "+77778555454", "city": "Sunyani", "state": "Sunyani", "address": "Sunyani", "relationship": "Father", "scholarship": false, "on_government_support": false}}, {"model": "faculty.faculty", "pk": 5, "fields": {"name": "School of Nursing and Midwifery", "slug": "school-of-nursing-and-midwifery", "icon": "faculty/School of Nursing and Midwifery/icon.png", "picture": "faculty/School of Nursing and Midwifery/picture.jpg", "note": "", "timestamp": "2021-10-29T10:55:32.724Z"}}, {"model": "faculty.faculty", "pk": 6, "fields": {"name": "Graduate School", "slug": "graduate-school", "icon": "faculty/Graduate School/icon.ico", "picture": "faculty/Graduate School/picture.jpg", "note": "", "timestamp": "2021-10-30T08:12:15.247Z"}}, {"model": "faculty.faculty", "pk": 7, "fields": {"name": "School of Allied Health Science", "slug": "school-of-allied-health-science", "icon": "faculty/School of Allied Health Science/icon.ico", "picture": "faculty/School of Allied Health Science/picture.jpg", "note": "<p><strong><span style=\"color:black\"><span style=\"color:#666666\">Introduction</span></span></strong></p>\r\n\r\n<p><span style=\"color:black\"><span style=\"color:#666666\">The School of Allied Health Sciences (SAHS) was established in line with the University</span><span dir=\"RTL\"><span style=\"color:#666666\">&rsquo;</span></span><span style=\"color:#666666\">s mandate and its method of teaching, research and community work extension. The School</span><span dir=\"RTL\"><span style=\"color:#666666\">&rsquo;</span></span><span style=\"color:#666666\">s programmes focus on human development through the training of qualified health professionals who provide the needed health services in deprived communities in particular to improve on the quality of life of the people. In line with its Philosophy and Mission, the SAHS provides an integrative approach to learning and developing health professional leaders for roles in building healthy communities.</span></span></p>\r\n\r\n<p><span style=\"color:black\">&nbsp;</span></p>\r\n\r\n<p><strong><span style=\"color:black\"><span style=\"color:#666666\">INTERNATIONAL COLLABORATIONS/LINKAGES</span></span></strong></p>\r\n\r\n<ul>\r\n\t<li><span style=\"color:black\"><span style=\"color:#666666\">MoU with Arima Group of Companies Ghana Limited to provide the finest and latest techniques to students by sharing knowledge through teaching at the University for Development Studies.</span></span></li>\r\n\t<li><span style=\"color:black\"><span style=\"color:#666666\">MoU with Pace University (New York) to establish a cooperative relationship through mutual assistance in the areas of joint educational, cultural and research activities, including exchange of Faculty members and graduate students for research, lectures and discussions, seminars and academic meetings, exchange of academic materials, publications and other information, and special short-term academic programs.</span></span></li>\r\n\t<li><span style=\"color:black\"><span style=\"color:#666666\">UBCO Global Nursing Citizen&#39;s Scholarship Award for Graduate Students whose research area is in maternal and child health and community development (2 students from M.CHaD awarded this year).</span></span></li>\r\n\t<li><span style=\"color:black\"><span style=\"color:#666666\">Collaboration with the University of British Colombia (UBC), Okanagan for the past sixteen years. The trust of the collaboration is to enhance nursing education, capacity building and to offer exchange programmes.</span></span></li>\r\n</ul>\r\n\r\n<p><strong><span style=\"color:black\"><span style=\"color:#666666\">STUDENT POPULATION</span></span></strong></p>\r\n\r\n<p><span style=\"color:black\"><span style=\"color:#666666\">The School had a student population of Three Thousand, Five Hundred and Twenty-Nine (3,529) during the 2018/2019 academic year, consisting of One Thousand, Seven Hundred and Nine (1,709) males and One Thousand, Eight Hundred and Twenty (1,820) females. The detailed student population is shown in the Table below.</span></span></p>", "timestamp": "2021-10-30T08:13:19.988Z"}}, {"model": "faculty.faculty", "pk": 8, "fields": {"name": "School of Economics and Management Sciences", "slug": "school-of-economics-and-management-science", "icon": "faculty/School of Economics and Management Science/icon.png", "picture": "faculty/School of Economics and Management Science/picture.jpg", "note": "", "timestamp": "2021-10-30T08:16:14.830Z"}}, {"model": "faculty.faculty", "pk": 9, "fields": {"name": "School of Engineering", "slug": "school-of-engineering", "icon": "faculty/School of Engineering/icon.png", "picture": "faculty/School of Engineering/picture.jpg", "note": "", "timestamp": "2021-10-30T08:19:41.431Z"}}, {"model": "faculty.faculty", "pk": 10, "fields": {"name": "SCHOOL OF MEDICINE", "slug": "school-of-medicine", "icon": "faculty/SCHOOL OF MEDICINE/icon.png", "picture": "faculty/SCHOOL OF MEDICINE/picture.jpg", "note": "", "timestamp": "2021-10-30T08:20:50.587Z"}}, {"model": "faculty.faculty", "pk": 11, "fields": {"name": "SCHOOL PHARMACY  AND PHARMACEUTICAL SCIENCES", "slug": "school-pharmacy-and-pharmaceutical-sciences", "icon": "faculty/SCHOOL PHARMACY  AND PHARMACEUTICAL SCIENCES/icon.PNG", "picture": "faculty/SCHOOL PHARMACY  AND PHARMACEUTICAL SCIENCES/picture.PNG", "note": "", "timestamp": "2021-10-30T08:24:39.816Z"}}, {"model": "faculty.faculty", "pk": 12, "fields": {"name": "SCHOOL OF PUBLIC HEALTH", "slug": "school-of-public-health", "icon": "faculty/SCHOOL OF PUBLIC HEALTH/icon.png", "picture": "faculty/SCHOOL OF PUBLIC HEALTH/picture.jpg", "note": "", "timestamp": "2021-10-30T08:26:05.744Z"}}, {"model": "faculty.faculty", "pk": 13, "fields": {"name": "DIRECTORATE OF COLLEGES OF EDUCTION AFFILATION", "slug": "directorate-of-colleges-of-eduction-affilation", "icon": "faculty/DIRECTORATE OF COLLEGES OF EDUCTION AFFILATION/icon.png", "picture": "faculty/DIRECTORATE OF COLLEGES OF EDUCTION AFFILATION/picture.jpg", "note": "", "timestamp": "2021-10-30T08:31:15.968Z"}}, {"model": "faculty.faculty", "pk": 14, "fields": {"name": "FACULTY OF AGRICULTURE, FOOD AND CONSUMER  SCIENCES", "slug": "faculty-of-agriculture-food-and-consumer-sciences", "icon": "faculty/FACULTY OF AGRICULTURE, FOOD AND CONSUMER  SCIENCES/icon.JPG", "picture": "faculty/FACULTY OF AGRICULTURE, FOOD AND CONSUMER  SCIENCES/picture.JPG", "note": "", "timestamp": "2021-10-30T08:33:47.226Z"}}, {"model": "faculty.faculty", "pk": 15, "fields": {"name": "FACULTY OF BIOSCIENCES", "slug": "faculty-of-biosciences", "icon": "faculty/FACULTY OF BIOSCIENCES/icon.PNG", "picture": "faculty/FACULTY OF BIOSCIENCES/picture.JPG", "note": "", "timestamp": "2021-10-30T08:36:41.432Z"}}, {"model": "faculty.faculty", "pk": 16, "fields": {"name": "FACULTY OF EDUCATION", "slug": "faculty-of-education", "icon": "faculty/FACULTY OF EDUCATION/icon.png", "picture": "faculty/FACULTY OF EDUCATION/picture.jpg", "note": "", "timestamp": "2021-10-30T08:38:25.334Z"}}, {"model": "faculty.faculty", "pk": 17, "fields": {"name": "FACULTY OF COMMUNICATION AND CULTURAL STUDIES", "slug": "faculty-of-communication-and-cultural-studies", "icon": "faculty/FACULTY OF COMMUNICATION AND CULTURAL STUDIES/icon.png", "picture": "faculty/FACULTY OF COMMUNICATION AND CULTURAL STUDIES/picture.jpg", "note": "", "timestamp": "2021-10-30T08:40:31.837Z"}}, {"model": "faculty.faculty", "pk": 18, "fields": {"name": "FACULTY OF NTAURAL RESOURCES AND ENVIRONMENT", "slug": "faculty-of-ntaural-resources-and-environment", "icon": "faculty/FACULTY OF NTAURAL RESOURCES AND ENVIRONMENT/icon.png", "picture": "faculty/FACULTY OF NTAURAL RESOURCES AND ENVIRONMENT/picture.JPG", "note": "", "timestamp": "2021-10-30T08:41:50.006Z"}}, {"model": "faculty.faculty", "pk": 19, "fields": {"name": "FACULTY OF SUSTAINABILITY", "slug": "faculty-of-sustainability", "icon": "faculty/FACULTY OF SUSTAINABILITY/icon.png", "picture": "faculty/FACULTY OF SUSTAINABILITY/picture.jpg", "note": "", "timestamp": "2021-10-30T08:45:57.204Z"}}, {"model": "department.department", "pk": 2, "fields": {"faculty": 5, "name": "Department of Advanced Nursing Practice", "short_form": null, "slug": "department-of-advanced-nursing-practice", "updated": "2021-10-30T07:44:57.194Z", "created_by": 1, "picture": ""}}, {"model": "department.department", "pk": 3, "fields": {"faculty": 5, "name": "Department of General Nursing", "short_form": "General Nursing", "slug": "department-of-general-nursing", "updated": "2021-10-30T14:14:00.277Z", "created_by": 1, "picture": "faculty/School of Nursing and Midwifery/department/Department_of_General_Nursing.jfif"}}, {"model": "department.department", "pk": 4, "fields": {"faculty": 5, "name": "Department of Mental Nursing", "short_form": null, "slug": "department-of-mental-nursing", "updated": "2021-10-30T07:51:40.352Z", "created_by": 1, "picture": ""}}, {"model": "department.department", "pk": 5, "fields": {"faculty": 5, "name": "Department of  Midwifery and Women Health", "short_form": null, "slug": "department-of-midwifery-and-women-health", "updated": "2021-10-30T07:52:17.835Z", "created_by": 1, "picture": ""}}, {"model": "department.department", "pk": 6, "fields": {"faculty": 5, "name": "Department of Paediatric Nursing", "short_form": null, "slug": "department-of-paediatric-nursing", "updated": "2021-10-30T07:53:03.782Z", "created_by": 1, "picture": ""}}, {"model": "department.department", "pk": 7, "fields": {"faculty": 5, "name": "Department of Preventive Health Nursing", "short_form": null, "slug": "department-of-preventive-health-nursing", "updated": "2021-10-30T07:53:44.743Z", "created_by": 1, "picture": ""}}, {"model": "department.department", "pk": 8, "fields": {"faculty": 7, "name": "Department of Biomedical Laboratory Sciences", "short_form": null, "slug": "department-of-biomedical-laboratory-sciences", "updated": "2021-10-30T09:12:08.780Z", "created_by": 1, "picture": "faculty/School of Allied Health Science/department/Department_of_Biomedical_Laboratory_Sciences.jfif"}}, {"model": "department.department", "pk": 9, "fields": {"faculty": 7, "name": "Department of Clinical Sciences", "short_form": null, "slug": "department-of-clinical-sciences", "updated": "2021-10-30T09:14:52.045Z", "created_by": 1, "picture": "faculty/School of Allied Health Science/department/Department_of_Clinical_Sciences.jfif"}}, {"model": "department.department", "pk": 10, "fields": {"faculty": 7, "name": "Department of Dietetics", "short_form": null, "slug": "department-of-dietetics", "updated": "2021-10-30T09:15:23.280Z", "created_by": 1, "picture": "faculty/School of Allied Health Science/department/Department_of_Dietetics.jfif"}}, {"model": "department.department", "pk": 11, "fields": {"faculty": 7, "name": "Department of Haematology", "short_form": null, "slug": "department-of-haematology", "updated": "2021-10-30T09:16:09.937Z", "created_by": 1, "picture": ""}}, {"model": "department.department", "pk": 12, "fields": {"faculty": 7, "name": "Department of Histology and Immunodiagnostics", "short_form": null, "slug": "department-of-histology-and-immunodiagnostics", "updated": "2021-10-30T09:17:27.085Z", "created_by": 1, "picture": ""}}, {"model": "department.department", "pk": 13, "fields": {"faculty": 7, "name": "Department of Infectious Diseases", "short_form": null, "slug": "department-of-infectious-diseases", "updated": "2021-10-30T09:18:16.949Z", "created_by": 1, "picture": ""}}, {"model": "department.department", "pk": 14, "fields": {"faculty": 7, "name": "Department of Medical Physics and Imaging", "short_form": null, "slug": "department-of-medical-physics-and-imaging", "updated": "2021-10-30T09:18:51.001Z", "created_by": 1, "picture": ""}}, {"model": "department.department", "pk": 15, "fields": {"faculty": 7, "name": "Department of Nutritional Sciences", "short_form": null, "slug": "department-of-nutritional-sciences", "updated": "2021-10-30T09:19:48.811Z", "created_by": 1, "picture": ""}}, {"model": "department.department", "pk": 16, "fields": {"faculty": 14, "name": "Department of Agricbusiness Management and Finance", "short_form": null, "slug": "department-of-agricbusiness-management-and-finance", "updated": "2021-10-30T10:14:21.862Z", "created_by": 1, "picture": ""}}, {"model": "department.department", "pk": 17, "fields": {"faculty": 14, "name": "Department of Agricultural Administration and Marketing", "short_form": null, "slug": "department-of-agricultural-administration-and-marketing", "updated": "2021-10-30T10:15:20.041Z", "created_by": 1, "picture": ""}}, {"model": "department.department", "pk": 18, "fields": {"faculty": 14, "name": "Department of Agricultural Management and Policy", "short_form": null, "slug": "department-of-agricultural-management-and-marketing", "updated": "2021-10-30T10:15:59.763Z", "created_by": 1, "picture": ""}}, {"model": "department.department", "pk": 19, "fields": {"faculty": 14, "name": "Department of Agricultural Mechanization and Irrigation Technology", "short_form": null, "slug": "department-of-agricultural-mechanization-and-irrigation-technology", "updated": "2021-10-30T10:16:52.887Z", "created_by": 1, "picture": ""}}, {"model": "department.department", "pk": 20, "fields": {"faculty": 14, "name": "Department of Agricultural  and Food Economics", "short_form": null, "slug": "department-of-agricultural-and-food-economics", "updated": "2021-10-30T10:17:15.244Z", "created_by": 1, "picture": ""}}, {"model": "department.department", "pk": 21, "fields": {"faculty": 14, "name": "Department of Animal Science", "short_form": null, "slug": "department-of-animal-science", "updated": "2021-10-30T10:17:52.199Z", "created_by": 1, "picture": ""}}, {"model": "department.department", "pk": 22, "fields": {"faculty": 14, "name": "Department of Creative Design and Technology", "short_form": null, "slug": "department-of-creative-design-and-technology", "updated": "2021-10-30T10:18:16.116Z", "created_by": 1, "picture": ""}}, {"model": "department.department", "pk": 23, "fields": {"faculty": 14, "name": "Department of Crop Science", "short_form": null, "slug": "department-of-crop-science", "updated": "2021-10-30T10:18:36.627Z", "created_by": 1, "picture": ""}}, {"model": "department.department", "pk": 24, "fields": {"faculty": 14, "name": "Department of Family and Consumer Science", "short_form": null, "slug": "department-of-family-consumer-science", "updated": "2021-10-30T13:19:13.677Z", "created_by": 1, "picture": ""}}, {"model": "department.department", "pk": 25, "fields": {"faculty": 14, "name": "Department of Food Science and Komla technology", "short_form": null, "slug": "department-of-food-science-and-komla-technology", "updated": "2021-10-30T10:19:30.945Z", "created_by": 1, "picture": ""}}, {"model": "department.department", "pk": 26, "fields": {"faculty": 14, "name": "Department of Food Security and AI-Hassan Climate Change", "short_form": null, "slug": "department-of-food-security-and-ai-hassan-climate-change", "updated": "2021-10-30T10:20:16.233Z", "created_by": 1, "picture": ""}}, {"model": "department.department", "pk": 27, "fields": {"faculty": 14, "name": "Department of Soil Science", "short_form": null, "slug": "department-of-soil-science", "updated": "2021-10-30T10:20:46.063Z", "created_by": 1, "picture": ""}}, {"model": "department.department", "pk": 28, "fields": {"faculty": 14, "name": "Department of Veterinary Science", "short_form": null, "slug": "department-of-veterinary-science", "updated": "2021-10-30T10:21:08.718Z", "created_by": 1, "picture": ""}}, {"model": "department.department", "pk": 29, "fields": {"faculty": 14, "name": "Department of Horticulture", "short_form": null, "slug": "department-of-horticulture", "updated": "2021-10-30T12:32:42.772Z", "created_by": 1, "picture": ""}}, {"model": "department.department", "pk": 30, "fields": {"faculty": 14, "name": "Department of Soil Science 2", "short_form": null, "slug": "department-of-soil-science-2", "updated": "2021-10-30T12:36:28.125Z", "created_by": 1, "picture": ""}}, {"model": "department.department", "pk": 31, "fields": {"faculty": 14, "name": "Department of Agricultural and Consumer Science Education", "short_form": null, "slug": "department-of-agricultural-consumer-science-education", "updated": "2021-10-30T13:07:08.209Z", "created_by": 1, "picture": ""}}, {"model": "department.department", "pk": 32, "fields": {"faculty": 14, "name": "Department of Agribusiness Management and Finance", "short_form": null, "slug": "department-of-agribusiness-management-and-finance", "updated": "2021-10-30T13:13:30.982Z", "created_by": 1, "picture": ""}}, {"model": "department.department", "pk": 33, "fields": {"faculty": 14, "name": "Department of Food Science and Technology", "short_form": null, "slug": "department-of-food-science-and-technology", "updated": "2021-10-30T13:26:11.102Z", "created_by": 1, "picture": ""}}, {"model": "programme.programme", "pk": 6, "fields": {"name": "BSc Midwifery", "department": 5, "slug": "bsc-midwifery"}}, {"model": "programme.programme", "pk": 7, "fields": {"name": "BSc Nurse Practitioner", "department": 2, "slug": "bsc-nurse-practitioner"}}, {"model": "programme.programme", "pk": 8, "fields": {"name": "BSc Paediatric Nursing", "department": 6, "slug": "bsc-paediatric-nursing"}}, {"model": "programme.programme", "pk": 9, "fields": {"name": "BSc Community Nutrition", "department": 15, "slug": "bsc-community-nutrition"}}, {"model": "programme.programme", "pk": 10, "fields": {"name": "BSc Medical Imaging Technology", "department": 14, "slug": "bsc-medical-imaging-technology"}}, {"model": "programme.programme", "pk": 11, "fields": {"name": "Doctor of Medical Laboratory Science", "department": 8, "slug": "doctor-of-medical-laboratory-science"}}, {"model": "programme.programme", "pk": 12, "fields": {"name": "MPhil Chemical Pathology", "department": 8, "slug": "mphil-chemical-pathology"}}, {"model": "programme.programme", "pk": 13, "fields": {"name": "PhD Chemical Pathology", "department": 8, "slug": "phd-chemical-pathology"}}, {"model": "programme.programme", "pk": 14, "fields": {"name": "BEd Agriculture Science", "department": 31, "slug": "bed-agriculture-science"}}, {"model": "programme.programme", "pk": 15, "fields": {"name": "BEd Family And Consumer Science", "department": 31, "slug": "bed-family-and-consumer-science"}}, {"model": "programme.programme", "pk": 16, "fields": {"name": "MPhil Agriculture Science", "department": 31, "slug": "mphil-agriculture-science"}}, {"model": "programme.programme", "pk": 17, "fields": {"name": "Bsc Agribusiness", "department": 32, "slug": "bsc-agribusiness"}}, {"model": "programme.programme", "pk": 18, "fields": {"name": "Bsc Agriculture Technology", "department": 19, "slug": "bsc-agriculture-technology"}}, {"model": "programme.programme", "pk": 19, "fields": {"name": "BSc Family and Consumer Science", "department": 24, "slug": "bsc-family-and-consumer-science"}}, {"model": "programme.programme", "pk": 20, "fields": {"name": "BSc Food Science And Technology", "department": 33, "slug": "bsc-food-science-and-technology"}}, {"model": "programme.programme", "pk": 21, "fields": {"name": "BSc Veterinary Nursing", "department": 28, "slug": "bsc-veterinary-nursing"}}, {"model": "programme.programme", "pk": 22, "fields": {"name": "Diploma In Agriculture Science Education", "department": 31, "slug": "diploma-in-agriculture-science-education"}}, {"model": "programme.programme", "pk": 23, "fields": {"name": "Diploma In Agriculture Technology", "department": 19, "slug": "diploma-in-agriculture-technology"}}, {"model": "programme.programme", "pk": 24, "fields": {"name": "Diploma In Family And Consumer Science", "department": 24, "slug": "diploma-in-family-and-consumer-science"}}, {"model": "programme.programme", "pk": 25, "fields": {"name": "MEd Agriculture Science", "department": 31, "slug": "med-agriculture-science"}}]