[{"model": "student.student", "pk": 1, "fields": {"profile": 3, "admission_form": 1, "index_number": null, "level": 1, "programme": 14, "date_admitted": "2021-11-30", "date_completed": "2023-12-03", "is_active": true}}, {"model": "student.student", "pk": 2, "fields": {"profile": 4, "admission_form": 2, "index_number": null, "level": 1, "programme": 17, "date_admitted": "2022-05-03", "date_completed": null, "is_active": false}}, {"model": "student.student", "pk": 3, "fields": {"profile": 6, "admission_form": null, "index_number": "15184083749", "level": 1, "programme": 6, "date_admitted": "2020-12-13", "date_completed": "2024-12-03", "is_active": true}}, {"model": "student.student", "pk": 4, "fields": {"profile": 7, "admission_form": 214, "index_number": "06161836", "level": 2, "programme": 7, "date_admitted": "2019-12-31", "date_completed": null, "is_active": true}}, {"model": "student.student", "pk": 5, "fields": {"profile": 11, "admission_form": 3, "index_number": null, "level": 1, "programme": 10, "date_admitted": "2022-01-08", "date_completed": "2026-01-01", "is_active": true}}, {"model": "student.student", "pk": 6, "fields": {"profile": 12, "admission_form": 10, "index_number": null, "level": null, "programme": null, "date_admitted": null, "date_completed": null, "is_active": false}}, {"model": "student.student", "pk": 7, "fields": {"profile": 14, "admission_form": 12, "index_number": null, "level": null, "programme": null, "date_admitted": null, "date_completed": null, "is_active": false}}, {"model": "student.studentprogrammechoice", "pk": 1, "fields": {"first_choice": 14, "second_choice": 15, "third_choice": 6, "student": 1}}, {"model": "student.studentprogrammechoice", "pk": 2, "fields": {"first_choice": 17, "second_choice": 14, "third_choice": 9, "student": 2}}, {"model": "student.studentprogrammechoice", "pk": 3, "fields": {"first_choice": 7, "second_choice": 8, "third_choice": 9, "student": 4}}, {"model": "student.studentprogrammechoice", "pk": 4, "fields": {"first_choice": 10, "second_choice": 18, "third_choice": 19, "student": 5}}, {"model": "student.studentprogrammechoice", "pk": 5, "fields": {"first_choice": 20, "second_choice": 17, "third_choice": 22, "student": 6}}, {"model": "student.studentprogrammechoice", "pk": 6, "fields": {"first_choice": 10, "second_choice": 11, "third_choice": 18, "student": 7}}, {"model": "student.admissioncertificate", "pk": 1, "fields": {"student": 1, "certificate_picture": ""}}, {"model": "student.admissioncertificate", "pk": 2, "fields": {"student": 2, "certificate_picture": ""}}, {"model": "student.admissioncertificate", "pk": 3, "fields": {"student": 3, "certificate_picture": ""}}, {"model": "student.admissioncertificate", "pk": 4, "fields": {"student": 4, "certificate_picture": ""}}, {"model": "student.admissioncertificate", "pk": 5, "fields": {"student": 5, "certificate_picture": ""}}, {"model": "student.admissioncertificate", "pk": 6, "fields": {"student": 6, "certificate_picture": ""}}, {"model": "student.admissioncertificate", "pk": 7, "fields": {"student": 7, "certificate_picture": ""}}, {"model": "student.certexamrecord", "pk": 265, "fields": {"certificate": 1, "subject": "English Language", "index_number": "37630000034", "examination_year": 2001, "school": "Ebenezer High School", "grade": "A", "examination_type": "school candidate"}}, {"model": "student.certexamrecord", "pk": 266, "fields": {"certificate": 1, "subject": "Social Studies", "index_number": "37630000034", "examination_year": 2001, "school": "Ebenezer High School", "grade": "C", "examination_type": "school candidate"}}, {"model": "student.certexamrecord", "pk": 267, "fields": {"certificate": 1, "subject": "Mathematics (Core)", "index_number": "37630000034", "examination_year": 2001, "school": "Ebenezer High School", "grade": "B", "examination_type": "school candidate"}}, {"model": "student.certexamrecord", "pk": 268, "fields": {"certificate": 1, "subject": "Elective Maths", "index_number": "37630000034", "examination_year": 2001, "school": "Ebenezer High School", "grade": "C", "examination_type": "school candidate"}}, {"model": "student.certexamrecord", "pk": 269, "fields": {"certificate": 1, "subject": "Integrated Science", "index_number": "37630000034", "examination_year": 2001, "school": "Ebenezer High School", "grade": "C", "examination_type": "school candidate"}}, {"model": "student.certexamrecord", "pk": 270, "fields": {"certificate": 1, "subject": "Biology", "index_number": "37630000034", "examination_year": 2001, "school": "Ebenezer High School", "grade": "A", "examination_type": "school candidate"}}, {"model": "student.certexamrecord", "pk": 271, "fields": {"certificate": 1, "subject": "Economics", "index_number": "37630000034", "examination_year": 2001, "school": "Ebenezer High School", "grade": "A", "examination_type": "school candidate"}}, {"model": "student.certexamrecord", "pk": 272, "fields": {"certificate": 2, "subject": "Core Mathematics", "index_number": "NOV1542225", "examination_year": 2021, "school": null, "grade": "B2", "examination_type": "private candidate"}}, {"model": "student.certexamrecord", "pk": 273, "fields": {"certificate": 2, "subject": "Int. Science", "index_number": "SCH1542225", "examination_year": 2021, "school": "Berekum Presbyterian Secondary", "grade": "C", "examination_type": "school candidate"}}, {"model": "student.certexamrecord", "pk": 274, "fields": {"certificate": 2, "subject": "Elective Mathematics", "index_number": "SCH1542225", "examination_year": 2021, "school": "Berekum Presbyterian Secondary", "grade": "A", "examination_type": "school candidate"}}, {"model": "student.certexamrecord", "pk": 275, "fields": {"certificate": 2, "subject": "English Language", "index_number": "SCH1542225", "examination_year": 2021, "school": "Berekum Presbyterian Secondary", "grade": "A", "examination_type": "school candidate"}}, {"model": "student.certexamrecord", "pk": 276, "fields": {"certificate": 2, "subject": "Government", "index_number": "SCH1542225", "examination_year": 2021, "school": "Berekum Presbyterian Secondary", "grade": "B", "examination_type": "school candidate"}}, {"model": "student.certexamrecord", "pk": 277, "fields": {"certificate": 2, "subject": "Information Communication Technology", "index_number": "SCH1542225", "examination_year": 2021, "school": "Berekum Presbyterian Secondary", "grade": "C", "examination_type": "school candidate"}}, {"model": "student.certexamrecord", "pk": 278, "fields": {"certificate": 2, "subject": "Social Studies", "index_number": "SCH1542225", "examination_year": 2021, "school": null, "grade": "B", "examination_type": "school candidate"}}, {"model": "student.certexamrecord", "pk": 279, "fields": {"certificate": 4, "subject": "English Language", "index_number": "37630000011", "examination_year": 2020, "school": null, "grade": "A1", "examination_type": "school candidate"}}, {"model": "student.certexamrecord", "pk": 280, "fields": {"certificate": 4, "subject": "Social Studies", "index_number": "37630000011", "examination_year": 2020, "school": null, "grade": "B2", "examination_type": "school candidate"}}, {"model": "student.certexamrecord", "pk": 281, "fields": {"certificate": 4, "subject": "Mathematics (Core)", "index_number": "37630000011", "examination_year": 2020, "school": null, "grade": "A1", "examination_type": "school candidate"}}, {"model": "student.certexamrecord", "pk": 282, "fields": {"certificate": 4, "subject": "Elective Maths", "index_number": "37630000011", "examination_year": 2020, "school": null, "grade": "C3", "examination_type": "school candidate"}}, {"model": "student.certexamrecord", "pk": 283, "fields": {"certificate": 4, "subject": "Integrated Science", "index_number": "37630000011", "examination_year": 2020, "school": null, "grade": "C4", "examination_type": "school candidate"}}, {"model": "student.certexamrecord", "pk": 284, "fields": {"certificate": 4, "subject": "Biology", "index_number": "37630000011", "examination_year": 2020, "school": null, "grade": "B2", "examination_type": "school candidate"}}, {"model": "student.certexamrecord", "pk": 285, "fields": {"certificate": 4, "subject": "Economics", "index_number": "37630000011", "examination_year": 2020, "school": null, "grade": "C4", "examination_type": "school candidate"}}, {"model": "student.certexamrecord", "pk": 286, "fields": {"certificate": 5, "subject": "Mathematics (Elective)", "index_number": "QW1212AA", "examination_year": 2016, "school": "Finleyville", "grade": "B2", "examination_type": "school candidate"}}, {"model": "student.certexamrecord", "pk": 287, "fields": {"certificate": 5, "subject": "Mathematics (Core)", "index_number": "QW1212AA", "examination_year": 2016, "school": "Finleyville", "grade": "A1", "examination_type": "school candidate"}}, {"model": "student.certexamrecord", "pk": 288, "fields": {"certificate": 5, "subject": "English Language", "index_number": "QW1212AA", "examination_year": 2016, "school": "Finleyville", "grade": "A1", "examination_type": "school candidate"}}, {"model": "student.certexamrecord", "pk": 289, "fields": {"certificate": 5, "subject": "Interested Science", "index_number": "QW1212AA", "examination_year": 2016, "school": "Finleyville", "grade": "B2", "examination_type": "school candidate"}}, {"model": "student.certexamrecord", "pk": 290, "fields": {"certificate": 5, "subject": "Social Studies", "index_number": "QW1212AA", "examination_year": 2016, "school": "Finleyville", "grade": "B2", "examination_type": "school candidate"}}, {"model": "student.certexamrecord", "pk": 291, "fields": {"certificate": 5, "subject": "Biology", "index_number": "QW1212AA", "examination_year": 2016, "school": "Finleyville", "grade": "B2", "examination_type": "school candidate"}}, {"model": "student.certexamrecord", "pk": 292, "fields": {"certificate": 5, "subject": "Government", "index_number": "QW1212AA", "examination_year": 2016, "school": "Finleyville", "grade": "A1", "examination_type": "school candidate"}}, {"model": "student.certexamrecord", "pk": 293, "fields": {"certificate": 6, "subject": "English Language", "index_number": "BK101011212", "examination_year": 2020, "school": "Berekum Senior High School", "grade": "A1", "examination_type": "school candidate"}}, {"model": "student.certexamrecord", "pk": 294, "fields": {"certificate": 6, "subject": "Integrated Science", "index_number": "BK101011212", "examination_year": 2020, "school": "Berekum Senior High School", "grade": "A1", "examination_type": "school candidate"}}, {"model": "student.certexamrecord", "pk": 295, "fields": {"certificate": 6, "subject": "Mathematics (Core)", "index_number": "BK101011212", "examination_year": 2020, "school": "Berekum Senior High School", "grade": "A1", "examination_type": "school candidate"}}, {"model": "student.certexamrecord", "pk": 296, "fields": {"certificate": 6, "subject": "Social Studies", "index_number": "BK101011212", "examination_year": 2020, "school": "Berekum Senior High School", "grade": "A1", "examination_type": "school candidate"}}, {"model": "student.certexamrecord", "pk": 297, "fields": {"certificate": 6, "subject": "Mathematics (Elective)", "index_number": "BK101011212", "examination_year": 2020, "school": "Berekum Senior High School", "grade": "A1", "examination_type": "school candidate"}}, {"model": "student.certexamrecord", "pk": 298, "fields": {"certificate": 6, "subject": "Biology", "index_number": "BK101011212", "examination_year": 2020, "school": "Berekum Senior High School", "grade": "A1", "examination_type": "school candidate"}}, {"model": "student.certexamrecord", "pk": 299, "fields": {"certificate": 6, "subject": "Physics", "index_number": "BK101011212", "examination_year": 2020, "school": "Berekum Senior High School", "grade": "A1", "examination_type": "school candidate"}}, {"model": "student.certexamrecord", "pk": 300, "fields": {"certificate": 6, "subject": "Twi (Asante)", "index_number": "BK101011212", "examination_year": 2020, "school": "Berekum Senior High School", "grade": "A1", "examination_type": "private candidate"}}, {"model": "student.certexamrecord", "pk": 301, "fields": {"certificate": 6, "subject": "French", "index_number": "4501011212", "examination_year": 2021, "school": null, "grade": "B2", "examination_type": "private candidate"}}, {"model": "student.certexamrecord", "pk": 302, "fields": {"certificate": 7, "subject": "English Language", "index_number": "22630004431", "examination_year": 2021, "school": "Berekum Senior High School", "grade": "A1", "examination_type": "school candidate"}}, {"model": "student.certexamrecord", "pk": 303, "fields": {"certificate": 7, "subject": "Mathematics (Core)", "index_number": "22630004431", "examination_year": 2021, "school": "Berekum Senior High School", "grade": "B2", "examination_type": "school candidate"}}, {"model": "student.certexamrecord", "pk": 304, "fields": {"certificate": 7, "subject": "Mathematics (Elective)", "index_number": "22630004431", "examination_year": 2021, "school": "Berekum Senior High School", "grade": "A1", "examination_type": "school candidate"}}, {"model": "student.certexamrecord", "pk": 305, "fields": {"certificate": 7, "subject": "Integrated Science", "index_number": "22630004431", "examination_year": 2021, "school": "Berekum Senior High School", "grade": "A1", "examination_type": "school candidate"}}, {"model": "student.certexamrecord", "pk": 306, "fields": {"certificate": 7, "subject": "ICT (Elective)", "index_number": "22630004431", "examination_year": 2021, "school": "Berekum Senior High School", "grade": "A1", "examination_type": "school candidate"}}, {"model": "student.certexamrecord", "pk": 307, "fields": {"certificate": 7, "subject": "Biology", "index_number": "22630004431", "examination_year": 2021, "school": "Berekum Senior High School", "grade": "A1", "examination_type": "school candidate"}}, {"model": "student.certexamrecord", "pk": 308, "fields": {"certificate": 7, "subject": "Chemistry", "index_number": "22630004431", "examination_year": 2021, "school": "Berekum Senior High School", "grade": "B2", "examination_type": "school candidate"}}, {"model": "student.studentpreviouseducation", "pk": 1, "fields": {"student": 1, "school": "Ebenezer High School", "region": "Sunyani", "from_year": 2017, "to_year": 2020}}, {"model": "student.studentpreviouseducation", "pk": 2, "fields": {"student": 2, "school": "BEREKUM PRESBYTERIAN SECONDARY", "region": "Bono", "from_year": 2017, "to_year": 2021}}, {"model": "student.studentpreviouseducation", "pk": 3, "fields": {"student": 4, "school": "Accra Academy Senior High school", "region": "Greater Accra", "from_year": 2016, "to_year": 2019}}, {"model": "student.studentpreviouseducation", "pk": 4, "fields": {"student": 5, "school": "Finleyville Senior High School", "region": "Finleyville", "from_year": 2013, "to_year": 2016}}, {"model": "student.studentpreviouseducation", "pk": 5, "fields": {"student": 6, "school": "formset.non_form_errors", "region": "Bono", "from_year": 2017, "to_year": 2020}}, {"model": "student.studentpreviouseducation", "pk": 6, "fields": {"student": 7, "school": "Berekum Senior High School", "region": "Bono", "from_year": 2019, "to_year": 2021}}]